Date,Close (R$),Open (R$),High (R$),Low (R$),Volume (R$),Variation (%)
1992-10-25,0.00,0.00,0.00,0.00,24730.00,0.00
1992-11-01,0.00,0.00,0.00,0.00,18830.00,0.00
1992-11-08,0.00,0.00,0.00,0.00,29770.00,0.00
1992-11-15,0.00,0.00,0.00,0.00,29770.00,0.00
1992-11-22,0.00,0.00,0.00,0.00,21680.00,0.00
1992-11-29,0.00,0.00,0.00,0.00,14000.00,0.00
1992-12-06,0.00,0.00,0.00,0.00,14380.00,0.00
1992-12-13,0.00,0.00,0.00,0.00,18150.00,0.00
1992-12-20,0.00,0.00,0.00,0.00,8110.00,0.00
1992-12-27,0.00,0.00,0.00,0.00,21280.00,0.00
1993-01-03,0.00,0.00,0.00,0.00,27210.00,0.00
1993-01-10,0.00,0.00,0.00,0.00,13660.00,0.00
1993-01-17,0.00,0.00,0.00,0.00,14070.00,0.00
1993-01-24,0.00,0.00,0.00,0.00,14480.00,0.00
1993-01-31,0.00,0.00,0.00,0.00,14360.00,0.00
1993-02-07,0.00,0.00,0.00,0.00,15450.00,0.00
1993-02-14,0.00,0.00,0.00,0.00,19870.00,0.00
1993-02-21,0.00,0.00,0.00,0.00,9520.00,0.00
1993-02-28,0.00,0.00,0.00,0.00,18220.00,0.00
1993-03-07,0.00,0.00,0.00,0.00,19030.00,0.00
1993-03-14,0.00,0.00,0.00,0.00,23210.00,0.00
1993-03-21,0.00,0.00,0.00,0.00,14390.00,0.00
1993-03-28,0.00,0.00,0.00,0.00,18590.00,0.00
1993-04-04,0.00,0.00,0.00,0.00,5280.00,0.00
1993-04-11,0.00,0.00,0.00,0.00,16270.00,0.00
1993-04-18,0.00,0.00,0.00,0.00,30830.00,0.00
1993-04-25,0.00,0.00,0.00,0.00,18620.00,0.00
1993-05-02,0.00,0.00,0.00,0.00,8980.00,0.00
1993-05-09,0.00,0.00,0.00,0.00,11160.00,0.00
1993-05-16,0.00,0.00,0.00,0.00,24790.00,0.00
1993-05-23,0.01,0.00,0.01,0.01,26830.00,0.00
1993-05-30,0.01,0.01,0.01,0.01,19290.00,0.00
1993-06-06,0.01,0.01,0.01,0.01,25510.00,0.00
1993-06-13,0.01,0.01,0.01,0.01,32740.00,0.00
1993-06-20,0.01,0.01,0.01,0.01,49280.00,0.00
1993-06-27,0.01,0.01,0.01,0.01,57750.00,0.00
1993-07-04,0.01,0.01,0.01,0.01,28930.00,0.00
1993-07-11,0.01,0.01,0.01,0.01,32070.00,0.00
1993-07-18,0.01,0.01,0.01,0.01,28190.00,0.00
1993-07-25,0.01,0.01,0.01,0.01,22580.00,0.00
1993-08-01,0.01,0.01,0.01,0.01,27380.00,0.00
1993-08-08,0.01,0.01,0.01,0.01,32690.00,0.00
1993-08-15,0.02,0.01,0.02,0.01,64270.00,100.00
1993-08-22,0.02,0.02,0.03,0.02,74680.00,0.00
1993-08-29,0.02,0.02,0.02,0.02,63860.00,0.00
1993-09-05,0.03,0.02,0.03,0.02,38260.00,50.00
1993-09-12,0.03,0.03,0.03,0.02,43150.00,0.00
1993-09-19,0.03,0.03,0.03,0.03,47150.00,0.00
1993-09-26,0.03,0.03,0.03,0.03,27340.00,0.00
1993-10-03,0.03,0.03,0.04,0.03,42510.00,0.00
1993-10-10,0.04,0.04,0.04,0.03,28930.00,33.33
1993-10-17,0.03,0.04,0.04,0.03,54710.00,-25.00
1993-10-24,0.03,0.03,0.03,0.03,33130.00,0.00
1993-10-31,0.04,0.03,0.04,0.03,40420.00,33.33
1993-11-07,0.05,0.04,0.05,0.03,65750.00,25.00
1993-11-14,0.05,0.05,0.06,0.05,46520.00,0.00
1993-11-21,0.07,0.05,0.07,0.05,57230.00,40.00
1993-11-28,0.08,0.06,0.08,0.06,46440.00,14.29
1993-12-05,0.08,0.08,0.08,0.07,47410.00,0.00
1993-12-12,0.08,0.08,0.08,0.07,31210.00,0.00
1993-12-19,0.09,0.08,0.09,0.07,64170.00,12.50
1993-12-26,0.09,0.09,0.10,0.09,31340.00,0.00
1994-01-02,0.14,0.09,0.14,0.09,1720000.00,55.56
1994-01-09,0.15,0.14,0.16,0.13,1980000.00,7.14
1994-01-16,0.19,0.15,0.19,0.15,2090000.00,26.67
1994-01-23,0.19,0.18,0.21,0.16,1470000.00,0.00
1994-01-30,0.23,0.19,0.25,0.18,2300000.00,21.05
1994-02-06,0.30,0.24,0.30,0.22,2300000.00,30.43
1994-02-13,0.26,0.30,0.32,0.26,887180.00,-13.33
1994-02-20,0.26,0.28,0.32,0.25,4930000.00,0.00
1994-02-27,0.30,0.27,0.31,0.26,3120000.00,15.38
1994-03-06,0.35,0.30,0.37,0.30,3420000.00,16.67
1994-03-13,0.39,0.36,0.43,0.35,2610000.00,11.43
1994-03-20,0.42,0.38,0.42,0.35,2890000.00,7.69
1994-03-27,0.43,0.44,0.45,0.39,1010000.00,2.38
1994-04-03,0.44,0.40,0.45,0.38,1690000.00,2.33
1994-04-10,0.39,0.46,0.50,0.37,1720000.00,-11.36
1994-04-17,0.35,0.40,0.41,0.32,1820000.00,-10.26
1994-04-24,0.42,0.36,0.44,0.34,1950000.00,20.00
1994-05-01,0.33,0.41,0.43,0.30,1560000.00,-21.43
1994-05-08,0.37,0.35,0.41,0.30,1870000.00,12.12
1994-05-15,0.54,0.38,0.56,0.34,3950000.00,45.95
1994-05-22,0.60,0.55,0.64,0.53,2030000.00,11.11
1994-05-29,0.63,0.62,0.66,0.59,1640000.00,5.00
1994-06-05,0.78,0.66,0.79,0.64,2720000.00,23.81
1994-06-12,0.82,0.81,0.83,0.74,1880000.00,5.13
1994-06-19,0.76,0.82,0.86,0.73,1470000.00,-7.32
1994-06-26,0.88,0.74,0.95,0.74,1480000.00,15.79
1994-07-03,1.12,0.88,1.13,0.86,2500000.00,27.27
1994-07-10,1.14,1.13,1.17,1.05,1940000.00,1.79
1994-07-17,1.07,1.14,1.15,1.04,1380000.00,-6.14
1994-07-24,1.14,1.09,1.16,1.07,978660.00,6.54
1994-07-31,1.15,1.11,1.19,1.08,2000000.00,0.88
1994-08-07,1.14,1.13,1.19,1.10,1550000.00,-0.87
1994-08-14,1.34,1.13,1.35,1.13,3740000.00,17.54
1994-08-21,1.32,1.36,1.44,1.29,3040000.00,-1.49
1994-08-28,1.52,1.31,1.61,1.29,4400000.00,15.15
1994-09-04,1.55,1.38,1.58,1.35,3780000.00,1.97
1994-09-11,1.61,1.52,1.68,1.51,3500000.00,3.87
1994-09-18,1.51,1.63,1.65,1.49,3570000.00,-6.21
1994-09-25,1.56,1.52,1.60,1.39,2960000.00,3.31
1994-10-02,1.30,1.57,1.58,1.19,3560000.00,-16.67
1994-10-09,1.24,1.31,1.37,1.23,2590000.00,-4.62
1994-10-16,1.14,1.24,1.29,1.12,2600000.00,-8.06
1994-10-23,1.25,1.14,1.25,1.04,3310000.00,9.65
1994-10-30,1.13,1.27,1.27,1.07,1460000.00,-9.60
1994-11-06,1.22,1.15,1.28,1.14,1800000.00,7.96
1994-11-13,1.14,1.24,1.25,1.09,1310000.00,-6.56
1994-11-20,1.08,1.14,1.14,0.97,2170000.00,-5.26
1994-11-27,1.09,1.08,1.20,1.05,1930000.00,0.93
1994-12-04,1.10,1.08,1.15,1.06,1660000.00,0.92
1994-12-11,1.14,1.11,1.19,1.07,2860000.00,3.64
1994-12-18,1.01,1.14,1.24,0.92,4060000.00,-11.40
1994-12-25,0.99,1.02,1.05,0.88,2120000.00,-1.98
1995-01-01,0.82,0.99,1.01,0.80,2000000.00,-17.17
1995-01-08,0.91,0.81,0.92,0.66,4150000.00,10.98
1995-01-15,0.84,0.92,0.95,0.77,2860000.00,-7.69
1995-01-22,0.84,0.82,0.89,0.78,2480000.00,0.00
1995-01-29,0.89,0.80,0.91,0.77,3010000.00,5.95
1995-02-05,0.77,0.89,0.92,0.76,1760000.00,-13.48
1995-02-12,0.77,0.80,0.83,0.67,2630000.00,0.00
1995-02-19,0.80,0.77,0.84,0.66,2470000.00,3.90
1995-02-26,0.72,0.76,0.76,0.68,737590.00,-10.00
1995-03-05,0.58,0.70,0.73,0.46,3530000.00,-19.44
1995-03-12,0.66,0.58,0.68,0.52,2890000.00,13.79
1995-03-19,0.68,0.67,0.70,0.58,2110000.00,3.03
1995-03-26,0.58,0.68,0.73,0.57,2050000.00,-14.71
1995-04-02,0.61,0.55,0.66,0.54,1990000.00,5.17
1995-04-09,0.57,0.61,0.61,0.54,915740.00,-6.56
1995-04-16,0.63,0.56,0.64,0.56,2260000.00,10.53
1995-04-23,0.78,0.64,0.81,0.63,3420000.00,23.81
1995-04-30,0.86,0.77,0.89,0.76,2390000.00,10.26
1995-05-07,0.83,0.86,0.89,0.81,2460000.00,-3.49
1995-05-14,0.83,0.85,0.87,0.76,3150000.00,0.00
1995-05-21,0.86,0.83,0.90,0.83,2430000.00,3.61
1995-05-28,0.87,0.85,0.88,0.78,2620000.00,1.16
1995-06-04,0.80,0.89,0.91,0.79,2580000.00,-8.05
1995-06-11,0.76,0.79,0.81,0.74,1450000.00,-5.00
1995-06-18,0.73,0.76,0.78,0.70,1770000.00,-3.95
1995-06-25,0.72,0.72,0.76,0.71,1600000.00,-1.37
1995-07-02,0.83,0.73,0.83,0.71,2160000.00,15.28
1995-07-09,0.87,0.84,0.88,0.82,2020000.00,4.82
1995-07-16,0.80,0.87,0.87,0.78,2160000.00,-8.05
1995-07-23,0.80,0.79,0.82,0.79,935600.00,0.00
1995-07-30,0.86,0.79,0.86,0.78,1720000.00,7.50
1995-08-06,0.82,0.85,0.90,0.81,2110000.00,-4.65
1995-08-13,0.80,0.80,0.86,0.78,1930000.00,-2.44
1995-08-20,0.87,0.81,0.89,0.81,2570000.00,8.75
1995-08-27,0.86,0.88,0.89,0.81,1820000.00,-1.15
1995-09-03,0.87,0.87,0.88,0.85,761410.00,1.16
1995-09-10,1.01,0.87,1.01,0.86,3740000.00,16.09
1995-09-17,0.94,1.00,1.04,0.92,2660000.00,-6.93
1995-09-24,0.93,0.94,0.95,0.90,1740000.00,-1.06
1995-10-01,0.89,0.93,0.94,0.86,1360000.00,-4.30
1995-10-08,0.87,0.89,0.89,0.85,849910.00,-2.25
1995-10-15,0.89,0.88,0.90,0.85,1860000.00,2.30
1995-10-22,0.77,0.89,0.89,0.73,2410000.00,-13.48
1995-10-29,0.77,0.77,0.77,0.75,865540.00,0.00
1995-11-05,0.74,0.76,0.79,0.72,1320000.00,-3.90
1995-11-12,0.74,0.73,0.76,0.68,1300000.00,0.00
1995-11-19,0.73,0.72,0.76,0.70,2320000.00,-1.35
1995-11-26,0.78,0.74,0.79,0.70,2710000.00,6.85
1995-12-03,0.76,0.78,0.79,0.75,2310000.00,-2.56
1995-12-10,0.74,0.76,0.78,0.72,1390000.00,-2.63
1995-12-17,0.78,0.73,0.79,0.72,3240000.00,5.41
1995-12-24,0.77,0.79,0.79,0.76,796250.00,-1.28
1995-12-31,0.89,0.77,0.89,0.77,2710000.00,15.58
1996-01-07,0.93,0.89,0.94,0.86,2470000.00,4.49
1996-01-14,0.92,0.94,0.96,0.89,1620000.00,-1.08
1996-01-21,0.88,0.92,0.92,0.87,1240000.00,-4.35
1996-01-28,1.06,0.89,1.06,0.87,2940000.00,20.45
1996-02-04,1.02,1.04,1.06,0.99,2380000.00,-3.77
1996-02-11,0.98,1.01,1.06,0.97,3700000.00,-3.92
1996-02-18,1.03,0.98,1.05,0.97,1100000.00,5.10
1996-02-25,1.03,1.02,1.08,1.00,2420000.00,0.00
1996-03-03,1.01,1.04,1.11,0.95,4030000.00,-1.94
1996-03-10,1.07,0.97,1.07,0.97,2960000.00,5.94
1996-03-17,1.07,1.07,1.09,1.01,2940000.00,0.00
1996-03-24,1.09,1.07,1.12,1.06,2090000.00,1.87
1996-03-31,1.07,1.10,1.11,1.05,891900.00,-1.83
1996-04-07,1.06,1.05,1.06,1.02,1230000.00,-0.93
1996-04-14,1.08,1.04,1.09,1.04,1790000.00,1.89
1996-04-21,1.07,1.09,1.09,1.05,1220000.00,-0.93
1996-04-28,1.07,1.06,1.09,1.05,1050000.00,0.00
1996-05-05,1.17,1.08,1.19,1.07,2800000.00,9.35
1996-05-12,1.17,1.17,1.20,1.16,1960000.00,0.00
1996-05-19,1.13,1.16,1.20,1.13,1750000.00,-3.42
1996-05-26,1.11,1.13,1.15,1.11,1320000.00,-1.77
1996-06-02,1.11,1.10,1.14,1.09,1170000.00,0.00
1996-06-09,1.14,1.13,1.15,1.08,969770.00,2.70
1996-06-16,1.19,1.14,1.19,1.13,1650000.00,4.39
1996-06-23,1.14,1.19,1.21,1.13,1460000.00,-4.20
1996-06-30,1.21,1.13,1.25,1.13,2450000.00,6.14
1996-07-07,1.15,1.21,1.23,1.14,1680000.00,-4.96
1996-07-14,1.09,1.15,1.15,1.06,1620000.00,-5.22
1996-07-21,1.07,1.09,1.09,1.03,1240000.00,-1.83
1996-07-28,1.10,1.06,1.11,1.03,1360000.00,2.80
1996-08-04,1.13,1.11,1.15,1.07,1550000.00,2.73
1996-08-11,1.17,1.12,1.17,1.11,1060000.00,3.54
1996-08-18,1.10,1.16,1.18,1.07,1610000.00,-5.98
1996-08-25,1.12,1.09,1.15,1.05,1370000.00,1.82
1996-09-01,1.11,1.12,1.13,1.08,927710.00,-0.89
1996-09-08,1.12,1.12,1.14,1.09,1360000.00,0.90
1996-09-15,1.11,1.13,1.14,1.11,931440.00,-0.89
1996-09-22,1.08,1.10,1.12,1.07,939820.00,-2.70
1996-09-29,1.14,1.08,1.14,1.08,788940.00,5.56
1996-10-06,1.12,1.13,1.15,1.10,1140000.00,-1.75
1996-10-13,1.22,1.11,1.25,1.11,2960000.00,8.93
1996-10-20,1.18,1.22,1.25,1.17,1770000.00,-3.28
1996-10-27,1.24,1.19,1.25,1.15,1260000.00,5.08
1996-11-03,1.16,1.24,1.25,1.16,1320000.00,-6.45
1996-11-10,1.20,1.17,1.21,1.16,786380.00,3.45
1996-11-17,1.31,1.20,1.32,1.20,2570000.00,9.17
1996-11-24,1.31,1.31,1.33,1.27,1360000.00,0.00
1996-12-01,1.43,1.31,1.43,1.31,2660000.00,9.16
1996-12-08,1.40,1.43,1.43,1.37,1290000.00,-2.10
1996-12-15,1.46,1.39,1.48,1.39,3070000.00,4.29
1996-12-22,1.52,1.46,1.52,1.45,616110.00,4.11
1996-12-29,1.55,1.52,1.55,1.50,622320.00,1.97
1997-01-05,1.65,1.55,1.70,1.54,2830000.00,6.45
1997-01-12,1.79,1.61,1.79,1.61,2250000.00,8.48
1997-01-19,1.73,1.80,1.81,1.71,1790000.00,-3.35
1997-01-26,1.85,1.74,1.86,1.73,1740000.00,6.94
1997-02-02,1.99,1.85,1.99,1.85,2050000.00,7.57
1997-02-09,2.05,2.01,2.11,1.91,1720000.00,3.02
1997-02-16,1.95,2.03,2.12,1.92,2380000.00,-4.88
1997-02-23,1.98,1.94,2.09,1.91,1820000.00,1.54
1997-03-02,2.02,1.94,2.05,1.91,1630000.00,2.02
1997-03-09,2.00,2.02,2.04,1.94,1620000.00,-0.99
1997-03-16,2.04,1.98,2.07,1.91,1260000.00,2.00
1997-03-23,2.01,1.97,2.07,1.97,1260000.00,-1.47
1997-03-30,1.91,1.98,1.98,1.87,1890000.00,-4.98
1997-04-06,1.94,1.90,2.01,1.90,1480000.00,1.57
1997-04-13,1.90,1.93,1.95,1.87,1140000.00,-2.06
1997-04-20,2.02,1.90,2.03,1.90,1060000.00,6.32
1997-04-27,2.11,2.00,2.11,2.00,1150000.00,4.46
1997-05-04,2.05,2.11,2.15,2.03,1620000.00,-2.84
1997-05-11,2.22,2.05,2.22,2.04,2910000.00,8.29
1997-05-18,2.23,2.24,2.40,2.20,3080000.00,0.45
1997-05-25,2.36,2.23,2.38,2.23,1250000.00,5.83
1997-06-01,2.40,2.37,2.40,2.26,1850000.00,1.69
1997-06-08,2.79,2.41,2.81,2.41,2050000.00,16.25
1997-06-15,2.69,2.78,2.92,2.68,3250000.00,-3.58
1997-06-22,2.79,2.69,2.99,2.69,2830000.00,3.72
1997-06-29,2.85,2.78,2.91,2.71,2470000.00,2.15
1997-07-06,2.92,2.91,3.14,2.84,2180000.00,2.46
1997-07-13,2.61,2.86,3.00,2.45,4410000.00,-10.62
1997-07-20,2.95,2.61,2.95,2.52,2300000.00,13.03
1997-07-27,2.86,2.95,3.11,2.86,2460000.00,-3.05
1997-08-03,2.79,2.86,2.91,2.70,2250000.00,-2.45
1997-08-10,2.93,2.80,2.95,2.71,2010000.00,5.02
1997-08-17,2.62,2.77,2.77,2.56,2370000.00,-10.58
1997-08-24,2.45,2.66,2.81,2.41,2630000.00,-6.49
1997-08-31,2.74,2.44,2.80,2.29,2180000.00,11.84
1997-09-07,2.63,2.74,2.82,2.51,2320000.00,-4.01
1997-09-14,2.79,2.64,2.81,2.49,2270000.00,6.08
1997-09-21,2.81,2.81,2.88,2.71,1490000.00,0.72
1997-09-28,3.00,2.81,3.10,2.78,2100000.00,6.76
1997-10-05,2.93,3.00,3.03,2.84,1800000.00,-2.33
1997-10-12,2.88,2.93,2.96,2.85,1160000.00,-1.71
1997-10-19,2.67,2.86,3.02,2.56,3580000.00,-7.29
1997-10-26,1.89,2.56,2.56,1.66,6850000.00,-29.21
1997-11-02,2.03,2.08,2.33,1.90,4170000.00,7.41
1997-11-09,1.96,2.12,2.16,1.77,3490000.00,-3.45
1997-11-16,2.14,2.05,2.21,1.97,2230000.00,9.18
1997-11-23,2.24,2.13,2.27,1.97,1540000.00,4.67
1997-11-30,2.42,2.23,2.48,2.20,2760000.00,8.04
1997-12-07,2.20,2.43,2.46,2.08,2200000.00,-9.09
1997-12-14,2.07,2.20,2.37,2.05,2920000.00,-5.91
1997-12-21,2.26,2.08,2.26,2.03,1090000.00,9.18
1997-12-28,2.48,2.28,2.49,2.28,1000000.00,9.73
1998-01-04,2.14,2.46,2.53,2.09,2290000.00,-13.71
1998-01-11,2.24,2.08,2.31,1.94,2460000.00,4.67
1998-01-18,2.20,2.28,2.33,2.15,2030000.00,-1.79
1998-01-25,2.21,2.21,2.31,2.19,2490000.00,0.45
1998-02-01,2.25,2.26,2.28,2.12,9520000.00,1.81
1998-02-08,2.32,2.25,2.35,2.25,3190000.00,3.11
1998-02-15,2.40,2.29,2.40,2.28,2010000.00,3.45
1998-02-22,2.36,2.40,2.40,2.32,943260.00,-1.67
1998-03-01,2.38,2.38,2.40,2.32,1820000.00,0.85
1998-03-08,2.53,2.37,2.56,2.37,3440000.00,6.30
1998-03-15,2.57,2.55,2.58,2.51,1920000.00,1.58
1998-03-22,2.53,2.56,2.57,2.45,1590000.00,-1.56
1998-03-29,2.50,2.51,2.58,2.44,1720000.00,-1.19
1998-04-05,2.64,2.50,2.67,2.50,1600000.00,5.60
1998-04-12,2.68,2.67,2.74,2.63,2650000.00,1.52
1998-04-19,2.67,2.68,2.68,2.57,1870000.00,-0.37
1998-04-26,2.68,2.61,2.68,2.56,2310000.00,0.37
1998-05-03,2.43,2.68,2.68,2.41,3120000.00,-9.33
1998-05-10,2.35,2.44,2.48,2.28,2890000.00,-3.29
1998-05-17,2.15,2.18,2.33,2.11,3140000.00,-8.51
1998-05-24,2.05,2.14,2.14,1.80,2620000.00,-4.65
1998-05-31,2.24,1.98,2.25,1.93,3270000.00,9.27
1998-06-07,2.01,2.24,2.28,1.96,1320000.00,-10.27
1998-06-14,1.99,1.94,2.06,1.89,2920000.00,-1.00
1998-06-21,1.94,1.99,2.04,1.94,1430000.00,-2.51
1998-06-28,2.10,1.94,2.10,1.94,1430000.00,8.25
1998-07-05,2.32,2.08,2.37,2.06,2040000.00,10.48
1998-07-12,2.48,2.34,2.52,2.31,2580000.00,6.90
1998-07-19,2.42,2.50,2.58,2.36,2880000.00,-2.42
1998-07-26,2.35,2.41,2.49,2.32,2450000.00,-2.89
1998-08-02,1.92,2.34,2.34,1.89,3230000.00,-18.30
1998-08-09,1.84,1.91,1.94,1.75,3090000.00,-4.17
1998-08-16,1.56,1.85,1.85,1.41,2900000.00,-15.22
1998-08-23,1.15,1.57,1.61,1.10,4060000.00,-26.28
1998-08-30,1.18,1.15,1.38,1.09,6710000.00,2.61
1998-09-06,1.04,1.22,1.25,0.83,4970000.00,-11.86
1998-09-13,1.10,1.05,1.44,1.01,6600000.00,5.77
1998-09-20,1.13,1.08,1.30,1.01,3770000.00,2.73
1998-09-27,1.08,1.15,1.20,1.02,3150000.00,-4.42
1998-10-04,1.14,1.04,1.14,1.01,2400000.00,5.56
1998-10-11,1.28,1.16,1.30,1.16,2670000.00,12.28
1998-10-18,1.45,1.27,1.59,1.26,4190000.00,13.28
1998-10-25,1.38,1.45,1.48,1.26,3160000.00,-4.83
1998-11-01,1.70,1.41,1.73,1.41,3220000.00,23.19
1998-11-08,1.61,1.70,1.74,1.55,2720000.00,-5.29
1998-11-15,1.70,1.66,1.79,1.66,2660000.00,5.59
1998-11-22,1.68,1.70,1.78,1.68,2010000.00,-1.18
1998-11-29,1.47,1.67,1.67,1.46,2450000.00,-12.50
1998-12-06,1.36,1.52,1.55,1.33,2100000.00,-7.48
1998-12-13,1.23,1.33,1.33,1.16,4920000.00,-9.56
1998-12-20,1.36,1.25,1.37,1.25,1560000.00,10.57
1998-12-27,1.26,1.37,1.37,1.22,697560.00,-7.35
1999-01-03,1.24,1.30,1.32,1.21,2240000.00,-1.59
1999-01-10,0.97,1.20,1.21,0.73,7290000.00,-21.77
1999-01-17,1.02,0.97,1.12,0.91,6680000.00,5.15
1999-01-24,1.25,1.08,1.31,1.01,5830000.00,22.55
1999-01-31,1.37,1.28,1.49,1.26,4540000.00,9.60
1999-02-07,1.38,1.33,1.49,1.33,2670000.00,0.73
1999-02-14,1.49,1.40,1.49,1.39,1040000.00,7.97
1999-02-21,1.49,1.49,1.63,1.41,3550000.00,0.00
1999-02-28,1.66,1.55,1.68,1.50,3300000.00,11.41
1999-03-07,1.86,1.67,1.92,1.66,4270000.00,12.05
1999-03-14,2.06,1.87,2.09,1.87,3260000.00,10.75
1999-03-21,2.03,2.02,2.07,1.85,2820000.00,-1.46
1999-03-28,2.20,2.05,2.25,2.00,1760000.00,8.37
1999-04-04,2.42,2.20,2.64,2.20,4010000.00,10.00
1999-04-11,2.49,2.36,2.51,2.31,3320000.00,2.89
1999-04-18,2.31,2.50,2.55,2.31,2160000.00,-7.23
1999-04-25,2.46,2.30,2.50,2.17,4930000.00,6.49
1999-05-02,2.53,2.49,2.53,2.39,4350000.00,2.85
1999-05-09,2.54,2.53,2.56,2.38,3160000.00,0.40
1999-05-16,2.27,2.52,2.52,2.26,4660000.00,-10.63
1999-05-23,2.26,2.32,2.32,2.08,3460000.00,-0.44
1999-05-30,2.32,2.26,2.33,2.26,1250000.00,2.65
1999-06-06,2.20,2.32,2.33,2.15,1870000.00,-5.17
1999-06-13,2.40,2.22,2.42,2.19,2330000.00,9.09
1999-06-20,2.40,2.44,2.56,2.37,2640000.00,0.00
1999-06-27,2.61,2.40,2.62,2.40,2000000.00,8.75
1999-07-04,2.56,2.61,2.66,2.53,1680000.00,-1.92
1999-07-11,2.57,2.56,2.61,2.43,2470000.00,0.39
1999-07-18,2.45,2.60,2.60,2.45,2370000.00,-4.67
1999-07-25,2.37,2.42,2.45,2.34,2020000.00,-3.27
1999-08-01,2.26,2.36,2.45,2.21,3320000.00,-4.64
1999-08-08,2.23,2.24,2.28,2.11,2070000.00,-1.33
1999-08-15,2.33,2.21,2.33,2.12,1990000.00,4.48
1999-08-22,2.33,2.36,2.37,2.28,2480000.00,0.00
1999-08-29,2.56,2.34,2.57,2.31,1700000.00,9.87
1999-09-05,2.58,2.56,2.60,2.51,1730000.00,0.78
1999-09-12,2.73,2.57,2.76,2.56,2420000.00,5.81
1999-09-19,2.80,2.73,2.89,2.73,2300000.00,2.56
1999-09-26,2.63,2.81,2.82,2.58,1430000.00,-6.07
1999-10-03,2.79,2.63,2.81,2.62,1810000.00,6.08
1999-10-10,2.65,2.80,2.80,2.60,1280000.00,-5.02
1999-10-17,2.83,2.56,2.83,2.55,2170000.00,6.79
1999-10-24,2.86,2.81,2.93,2.80,1890000.00,1.06
1999-10-31,3.29,2.86,3.29,2.84,2200000.00,15.03
1999-11-07,3.39,3.27,3.50,3.21,2260000.00,3.04
1999-11-14,3.70,3.39,3.71,3.31,1450000.00,9.14
1999-11-21,3.60,3.71,3.76,3.55,1850000.00,-2.70
1999-11-28,3.68,3.64,3.74,3.53,2040000.00,2.22
1999-12-05,3.72,3.69,3.76,3.64,1890000.00,1.09
1999-12-12,3.69,3.70,3.74,3.57,1950000.00,-0.81
1999-12-19,3.92,3.69,3.97,3.66,1930000.00,6.23
1999-12-26,4.24,3.90,4.29,3.82,719170.00,8.16
2000-01-02,4.06,4.25,4.36,3.92,2030000.00,-4.25
2000-01-09,3.99,4.15,4.21,3.91,1380000.00,-1.72
2000-01-16,3.84,3.99,4.14,3.81,1470000.00,-3.76
2000-01-23,3.79,3.84,3.97,3.78,1260000.00,-1.30
2000-01-30,4.12,3.78,4.18,3.74,1510000.00,8.71
2000-02-06,3.84,4.12,4.29,3.76,1400000.00,-6.80
2000-02-13,4.10,3.87,4.26,3.81,2020000.00,6.77
2000-02-20,4.33,4.10,4.35,4.04,1650000.00,5.61
2000-02-27,4.46,4.29,4.46,4.20,1290000.00,3.00
2000-03-05,4.59,4.43,4.76,4.34,560010.00,2.91
2000-03-12,4.33,4.57,4.57,4.24,1470000.00,-5.66
2000-03-19,4.29,4.33,4.35,4.20,1360000.00,-0.92
2000-03-26,4.35,4.29,4.61,4.26,1230000.00,1.40
2000-04-02,4.58,4.34,4.61,4.15,1700000.00,5.29
2000-04-09,4.10,4.53,4.57,4.07,2040000.00,-10.48
2000-04-16,3.76,4.06,4.12,3.69,2180000.00,-8.29
2000-04-23,3.97,3.78,4.06,3.69,1900000.00,5.59
2000-04-30,4.05,4.00,4.11,3.96,995490.00,2.02
2000-05-07,3.92,4.04,4.07,3.86,1670000.00,-3.21
2000-05-14,3.99,3.93,4.14,3.91,1270000.00,1.79
2000-05-21,3.88,3.99,4.06,3.84,1850000.00,-2.76
2000-05-28,4.29,3.91,4.29,3.87,1750000.00,10.57
2000-06-04,4.63,4.21,4.71,4.20,1640000.00,7.93
2000-06-11,4.66,4.62,4.71,4.44,1440000.00,0.65
2000-06-18,4.75,4.66,4.83,4.61,29670000.00,1.93
2000-06-25,5.03,4.76,5.09,4.71,108950000.00,5.89
2000-07-02,4.95,5.14,5.34,4.95,163180000.00,-1.59
2000-07-09,4.61,5.05,5.06,4.47,187600000.00,-6.87
2000-07-16,4.77,4.61,4.84,4.47,236710000.00,3.47
2000-07-23,4.30,4.80,4.82,4.28,210950000.00,-9.85
2000-07-30,4.24,4.47,4.47,4.14,379860000.00,-1.40
2000-08-06,4.60,4.41,4.66,4.11,723320000.00,8.49
2000-08-13,4.78,4.63,4.97,4.54,260300000.00,3.91
2000-08-20,4.94,4.80,4.94,4.69,210700000.00,3.35
2000-08-27,5.10,4.94,5.27,4.84,257940000.00,3.24
2000-09-03,5.21,5.08,5.34,5.03,106340000.00,2.16
2000-09-10,5.01,5.18,5.38,4.95,186660000.00,-3.84
2000-09-17,4.78,5.08,5.08,4.70,183240000.00,-4.59
2000-09-24,4.86,4.86,5.03,4.71,182780000.00,1.67
2000-10-01,4.78,4.89,4.95,4.74,128110000.00,-1.65
2000-10-08,4.95,4.80,5.03,4.69,131440000.00,3.56
2000-10-15,4.61,4.96,4.97,4.37,275780000.00,-6.87
2000-10-22,4.55,4.57,4.59,4.12,235280000.00,-1.30
2000-10-29,4.62,4.53,4.75,4.48,132990000.00,1.54
2000-11-05,4.64,4.62,4.88,4.55,181080000.00,0.43
2000-11-12,4.79,4.61,4.85,4.57,106060000.00,3.23
2000-11-19,4.66,4.71,4.88,4.61,162560000.00,-2.71
2000-11-26,4.35,4.69,4.70,4.34,177070000.00,-6.65
2000-12-03,4.17,4.34,4.49,4.06,244580000.00,-4.14
2000-12-10,4.36,4.29,4.43,4.11,233930000.00,4.56
2000-12-17,4.15,4.41,4.42,4.11,212460000.00,-4.82
2000-12-24,4.22,4.15,4.24,4.12,45810000.00,1.69
2000-12-31,4.57,4.23,4.71,4.23,181030000.00,8.29
2001-01-07,4.73,4.61,4.78,4.53,192280000.00,3.50
2001-01-14,5.10,4.75,5.12,4.71,233150000.00,7.82
2001-01-21,5.01,5.07,5.19,4.95,141500000.00,-1.76
2001-01-28,4.96,5.12,5.12,4.92,148000000.00,-1.00
2001-02-04,5.17,4.96,5.19,4.89,128480000.00,4.23
2001-02-11,5.20,5.17,5.42,5.12,173890000.00,0.58
2001-02-18,5.14,5.20,5.26,5.07,148580000.00,-1.15
2001-02-25,5.21,5.35,5.35,5.02,67150000.00,1.36
2001-03-04,5.27,5.22,5.33,5.17,115800000.00,1.15
2001-03-11,4.71,5.27,5.27,4.54,251190000.00,-10.63
2001-03-18,4.47,4.77,4.78,4.24,255750000.00,-5.10
2001-03-25,4.33,4.43,4.57,4.21,139740000.00,-3.13
2001-04-01,4.69,4.35,4.69,4.11,155620000.00,8.31
2001-04-08,4.57,4.70,4.83,4.46,114880000.00,-2.56
2001-04-15,4.46,4.61,4.78,4.38,170440000.00,-2.41
2001-04-22,4.93,4.52,5.04,4.38,202060000.00,10.54
2001-04-29,5.12,4.93,5.19,4.84,144170000.00,3.85
2001-05-06,5.21,5.09,5.30,4.89,154020000.00,1.76
2001-05-13,5.35,5.26,5.38,5.07,123470000.00,2.69
2001-05-20,5.34,5.34,5.58,5.28,142480000.00,-0.19
2001-05-27,5.56,5.34,5.56,5.20,100600000.00,4.12
2001-06-03,5.32,5.57,5.80,5.28,146030000.00,-4.32
2001-06-10,5.23,5.31,5.55,5.19,125910000.00,-1.69
2001-06-17,5.28,5.24,5.48,5.09,134230000.00,0.96
2001-06-24,4.98,5.35,5.40,4.79,144220000.00,-5.68
2001-07-01,4.82,4.98,4.98,4.71,155510000.00,-3.21
2001-07-08,4.96,4.87,5.06,4.86,105160000.00,2.90
2001-07-15,4.89,4.98,5.02,4.61,339090000.00,-1.41
2001-07-22,4.94,4.92,5.05,4.89,146410000.00,1.02
2001-07-29,4.88,4.98,5.03,4.74,105430000.00,-1.21
2001-08-05,4.93,4.93,4.98,4.84,124140000.00,1.02
2001-08-12,4.85,4.93,5.05,4.82,152330000.00,-1.62
2001-08-19,5.15,4.85,5.15,4.75,170870000.00,6.19
2001-08-26,5.07,5.13,5.26,5.01,107230000.00,-1.55
2001-09-02,5.15,5.06,5.38,4.99,97250000.00,1.58
2001-09-09,4.71,5.08,5.44,4.43,169650000.00,-8.54
2001-09-16,4.90,4.70,5.25,4.61,241420000.00,4.03
2001-09-23,4.73,4.87,4.87,4.45,242630000.00,-3.47
2001-09-30,4.64,4.72,4.72,4.43,141440000.00,-1.90
2001-10-07,4.94,4.57,4.94,4.56,88200000.00,6.47
2001-10-14,4.81,5.03,5.10,4.72,224400000.00,-2.63
2001-10-21,4.86,4.82,4.98,4.76,163180000.00,1.04
2001-10-28,4.70,4.85,4.94,4.64,123170000.00,-3.29
2001-11-04,4.99,4.78,5.02,4.55,280540000.00,6.17
2001-11-11,4.23,4.96,4.96,4.21,276560000.00,-15.23
2001-11-18,4.60,4.25,4.69,4.24,209410000.00,8.75
2001-11-25,4.53,4.53,4.62,4.43,214550000.00,-1.52
2001-12-02,4.58,4.49,4.81,4.49,187230000.00,1.10
2001-12-09,4.38,4.53,4.59,4.34,177340000.00,-4.37
2001-12-16,4.45,4.41,4.57,4.33,167590000.00,1.60
2001-12-23,4.72,4.45,4.75,4.45,74050000.00,6.07
2001-12-30,4.73,4.73,4.80,4.67,84650000.00,0.21
2002-01-06,4.63,4.71,4.87,4.61,146670000.00,-2.11
2002-01-13,4.51,4.65,4.65,4.38,93230000.00,-2.59
2002-01-20,4.33,4.50,4.52,4.31,80320000.00,-3.99
2002-01-27,4.45,4.47,4.52,4.35,162140000.00,2.77
2002-02-03,4.39,4.45,4.52,4.37,105790000.00,-1.35
2002-02-10,4.65,4.47,4.65,4.47,93710000.00,5.92
2002-02-17,4.79,4.63,4.82,4.55,183460000.00,3.01
2002-02-24,5.34,4.84,5.35,4.81,238560000.00,11.48
2002-03-03,5.19,5.26,5.42,5.09,195760000.00,-2.81
2002-03-10,5.54,5.22,5.57,5.20,208660000.00,6.74
2002-03-17,5.39,5.58,5.61,5.35,139950000.00,-2.71
2002-03-24,5.33,5.24,5.42,5.12,96460000.00,-1.11
2002-03-31,5.28,5.46,5.49,5.21,175480000.00,-0.94
2002-04-07,5.09,5.31,5.38,5.05,143550000.00,-3.60
2002-04-14,5.16,5.17,5.27,5.12,192130000.00,1.38
2002-04-21,5.00,5.15,5.21,4.95,155740000.00,-3.10
2002-04-28,5.00,4.99,5.10,4.85,133800000.00,0.00
2002-05-05,4.89,4.95,5.04,4.85,123040000.00,-2.20
2002-05-12,4.99,4.80,5.00,4.71,137830000.00,2.04
2002-05-19,5.18,4.98,5.23,4.98,119650000.00,3.81
2002-05-26,5.03,5.08,5.19,5.03,72160000.00,-2.90
2002-06-02,4.93,5.07,5.14,4.89,100390000.00,-1.99
2002-06-09,4.55,4.91,4.98,4.48,138420000.00,-7.71
2002-06-16,3.89,4.61,4.63,3.76,223460000.00,-14.51
2002-06-23,4.53,4.01,4.60,3.85,224300000.00,16.45
2002-06-30,4.28,4.57,4.57,4.22,99770000.00,-5.52
2002-07-07,4.18,4.30,4.32,4.08,94230000.00,-2.34
2002-07-14,4.07,4.20,4.28,4.03,115820000.00,-2.63
2002-07-21,3.59,3.93,3.95,3.58,288120000.00,-11.79
2002-07-28,3.99,3.69,4.03,3.51,344850000.00,11.14
2002-08-04,4.15,3.99,4.26,3.76,255430000.00,4.01
2002-08-11,3.76,4.15,4.15,3.64,176610000.00,-9.40
2002-08-18,3.81,3.76,3.86,3.62,164110000.00,1.33
2002-08-25,4.06,3.83,4.10,3.83,174520000.00,6.56
2002-09-01,4.19,4.06,4.28,3.99,176890000.00,3.20
2002-09-08,4.44,4.23,4.46,4.15,145180000.00,5.97
2002-09-15,4.03,4.34,4.47,3.87,231610000.00,-9.23
2002-09-22,3.32,3.96,3.96,3.32,301520000.00,-17.62
2002-09-29,3.75,3.32,3.82,3.17,214800000.00,12.95
2002-10-06,3.42,3.78,3.82,3.42,205700000.00,-8.80
2002-10-13,3.60,3.31,3.64,3.20,213230000.00,5.26
2002-10-20,4.01,3.60,4.13,3.49,257280000.00,11.39
2002-10-27,4.08,4.01,4.20,3.80,216750000.00,1.75
2002-11-03,4.02,4.15,4.20,3.75,152540000.00,-1.47
2002-11-10,4.01,4.05,4.08,3.84,64540000.00,-0.25
2002-11-17,4.18,4.01,4.23,3.99,175070000.00,4.24
2002-11-24,4.10,4.17,4.26,3.94,114020000.00,-1.91
2002-12-01,4.10,4.11,4.17,4.06,104520000.00,0.00
2002-12-08,4.16,4.09,4.20,3.99,121430000.00,1.46
2002-12-15,4.49,4.18,4.59,4.11,315950000.00,7.93
2002-12-22,4.30,4.49,4.62,4.30,52740000.00,-4.23
2002-12-29,4.33,4.31,4.42,4.28,30090000.00,0.70
2003-01-05,4.84,4.36,4.84,4.36,214270000.00,11.78
2003-01-12,4.67,4.86,4.90,4.66,198070000.00,-3.51
2003-01-19,4.16,4.67,4.68,4.16,204250000.00,-10.92
2003-01-26,4.38,4.12,4.44,4.07,233510000.00,5.29
2003-02-02,4.15,4.43,4.46,4.08,156560000.00,-5.25
2003-02-09,4.23,4.15,4.42,4.13,157510000.00,1.93
2003-02-16,4.16,4.27,4.31,4.09,182220000.00,-1.65
2003-02-23,3.94,4.18,4.18,3.77,156850000.00,-5.29
2003-03-02,4.07,3.87,4.09,3.84,87010000.00,3.30
2003-03-09,4.25,4.01,4.33,3.96,210610000.00,4.42
2003-03-16,4.45,4.15,4.59,4.13,242000000.00,4.71
2003-03-23,4.29,4.36,4.45,4.23,133940000.00,-3.60
2003-03-30,4.52,4.24,4.57,4.23,184250000.00,5.36
2003-04-06,4.28,4.61,4.65,4.20,201050000.00,-5.31
2003-04-13,4.38,4.29,4.40,4.23,115440000.00,2.34
2003-04-20,4.37,4.34,4.52,4.33,135540000.00,-0.23
2003-04-27,4.68,4.38,4.69,4.34,136560000.00,7.09
2003-05-04,4.84,4.67,4.86,4.63,224900000.00,3.42
2003-05-11,5.01,4.84,5.19,4.82,237740000.00,3.51
2003-05-18,4.89,4.94,4.99,4.77,184410000.00,-2.40
2003-05-25,4.87,4.94,4.99,4.80,166240000.00,-0.41
2003-06-01,5.01,4.86,5.07,4.80,165220000.00,2.87
2003-06-08,4.99,4.98,5.06,4.82,171350000.00,-0.40
2003-06-15,4.71,4.98,5.06,4.69,153410000.00,-5.61
2003-06-22,4.68,4.75,4.79,4.58,175390000.00,-0.64
2003-06-29,4.89,4.65,4.89,4.64,124040000.00,4.49
2003-07-06,5.01,4.89,5.09,4.89,171360000.00,2.45
2003-07-13,5.28,5.03,5.30,5.03,182230000.00,5.39
2003-07-20,5.17,5.27,5.36,5.15,148000000.00,-2.08
2003-07-27,4.96,5.17,5.30,4.96,150960000.00,-4.06
2003-08-03,5.33,4.96,5.33,4.92,174470000.00,7.46
2003-08-10,5.38,5.28,5.51,5.28,183830000.00,0.94
2003-08-17,5.34,5.39,5.48,5.25,254820000.00,-0.74
2003-08-24,5.61,5.35,5.62,5.24,165970000.00,5.06
2003-08-31,5.98,5.57,6.00,5.51,221500000.00,6.60
2003-09-07,5.93,6.00,6.09,5.72,214320000.00,-0.84
2003-09-14,5.79,5.93,5.97,5.76,214780000.00,-2.36
2003-09-21,5.57,5.77,5.77,5.54,206310000.00,-3.80
2003-09-28,6.07,5.63,6.12,5.51,216310000.00,8.98
2003-10-05,6.14,6.04,6.24,6.02,190350000.00,1.15
2003-10-12,5.96,6.13,6.31,5.92,173580000.00,-2.93
2003-10-19,5.86,5.96,6.04,5.72,199720000.00,-1.68
2003-10-26,5.81,5.94,6.09,5.81,184170000.00,-0.85
2003-11-02,6.02,5.85,6.14,5.81,149410000.00,3.61
2003-11-09,6.34,6.04,6.36,5.90,220180000.00,5.32
2003-11-16,6.33,6.29,6.41,6.21,161750000.00,-0.16
2003-11-23,6.17,6.40,6.43,6.07,169080000.00,-2.53
2003-11-30,6.33,6.18,6.36,6.16,161780000.00,2.59
2003-12-07,6.67,6.32,6.82,6.27,237540000.00,5.37
2003-12-14,6.98,6.74,7.05,6.56,175850000.00,4.65
2003-12-21,6.91,6.98,7.28,6.87,70940000.00,-1.00
2003-12-28,7.31,6.94,7.31,6.94,77040000.00,5.79
2004-01-04,7.92,7.37,8.53,7.37,292780000.00,8.34
2004-01-11,7.75,7.94,8.13,7.46,254540000.00,-2.15
2004-01-18,7.85,7.75,8.16,7.69,230730000.00,1.29
2004-01-25,7.22,7.93,8.06,7.20,191460000.00,-8.03
2004-02-01,7.53,7.24,7.56,7.02,275020000.00,4.29
2004-02-08,7.92,7.58,8.16,7.48,226410000.00,5.18
2004-02-15,7.46,7.86,7.96,7.09,287640000.00,-5.81
2004-02-22,7.57,7.49,7.69,7.48,72120000.00,1.47
2004-02-29,7.90,7.62,7.98,7.62,162050000.00,4.36
2004-03-07,7.70,7.96,8.10,7.43,166910000.00,-2.53
2004-03-14,7.73,7.70,8.01,7.38,174420000.00,0.39
2004-03-21,7.63,7.58,7.73,7.46,157010000.00,-1.29
2004-03-28,7.98,7.68,8.02,7.47,192460000.00,4.59
2004-04-04,8.03,7.93,8.05,7.71,121650000.00,0.63
2004-04-11,7.81,8.03,8.26,7.76,167750000.00,-2.74
2004-04-18,7.55,7.82,7.89,7.29,190650000.00,-3.33
2004-04-25,6.89,7.57,7.65,6.74,241070000.00,-8.74
2004-05-02,6.61,6.86,7.37,6.48,248580000.00,-4.06
2004-05-09,6.75,6.37,7.10,6.27,248700000.00,2.12
2004-05-16,6.20,6.46,6.72,6.19,247210000.00,-8.15
2004-05-23,6.55,6.38,6.75,6.27,213240000.00,5.65
2004-05-30,6.72,6.60,6.94,6.52,163790000.00,2.60
2004-06-06,6.68,6.75,6.92,6.62,128430000.00,-0.60
2004-06-13,6.91,6.64,6.99,6.50,245310000.00,3.44
2004-06-20,7.02,6.90,7.23,6.76,248350000.00,1.59
2004-06-27,7.09,7.08,7.15,6.83,157870000.00,1.00
2004-07-04,6.84,7.10,7.12,6.80,111380000.00,-3.53
2004-07-11,7.23,6.84,7.25,6.81,201130000.00,5.70
2004-07-18,6.90,7.23,7.29,6.87,185790000.00,-4.56
2004-07-25,7.21,6.94,7.31,6.79,194800000.00,4.49
2004-08-01,7.21,7.16,7.33,7.06,184000000.00,0.00
2004-08-08,7.33,7.21,7.46,7.16,210240000.00,1.66
2004-08-15,7.81,7.32,7.83,7.30,230870000.00,6.55
2004-08-22,7.63,7.78,7.87,7.59,148590000.00,-2.30
2004-08-29,7.68,7.61,7.71,7.52,112480000.00,0.66
2004-09-05,7.75,7.73,7.84,7.63,88030000.00,0.91
2004-09-12,8.05,7.75,8.05,7.71,147840000.00,3.87
2004-09-19,8.50,8.13,8.55,8.07,186880000.00,5.59
2004-09-26,8.67,8.54,8.71,8.42,194640000.00,2.00
2004-10-03,8.93,8.70,9.04,8.67,205510000.00,3.00
2004-10-10,8.58,8.90,9.01,8.14,187060000.00,-3.92
2004-10-17,8.75,8.59,8.86,8.42,218080000.00,1.98
2004-10-24,8.62,8.72,8.79,8.54,149020000.00,-1.49
2004-10-31,8.84,8.63,8.87,8.58,105760000.00,2.55
2004-11-07,8.84,8.86,8.90,8.56,116770000.00,0.00
2004-11-14,8.35,8.76,8.76,8.30,183320000.00,-5.54
2004-11-21,8.66,8.34,8.71,8.26,171390000.00,3.71
2004-11-28,8.61,8.65,8.87,8.46,168020000.00,-0.58
2004-12-05,8.48,8.63,8.75,8.34,131390000.00,-1.51
2004-12-12,8.74,8.50,8.88,8.47,214420000.00,3.07
2004-12-19,8.92,8.75,8.97,8.69,179540000.00,2.06
2004-12-26,8.96,8.86,9.04,8.78,120210000.00,0.45
2005-01-02,8.62,8.97,9.03,8.47,154120000.00,-3.79
2005-01-09,8.68,8.67,8.71,8.38,196810000.00,0.70
2005-01-16,8.40,8.67,8.74,8.33,163650000.00,-3.23
2005-01-23,8.56,8.40,8.76,8.40,117050000.00,1.90
2005-01-30,8.98,8.63,9.03,8.52,211470000.00,4.91
2005-02-06,9.48,9.41,9.58,9.18,152800000.00,5.57
2005-02-13,9.48,9.42,9.63,9.24,251370000.00,0.00
2005-02-20,10.43,9.50,10.48,9.48,237900000.00,10.02
2005-02-27,10.64,10.33,10.69,9.75,251430000.00,2.01
2005-03-06,9.93,10.77,10.79,9.89,161290000.00,-6.67
2005-03-13,9.78,9.95,10.00,9.41,206350000.00,-1.51
2005-03-20,9.47,9.78,9.83,9.32,171980000.00,-3.17
2005-03-27,9.59,9.43,9.67,9.10,160730000.00,1.27
2005-04-03,9.23,9.60,9.76,9.19,150090000.00,-3.75
2005-04-10,8.65,9.23,9.34,8.63,179800000.00,-6.28
2005-04-17,8.59,8.76,8.94,8.51,113230000.00,-0.69
2005-04-24,8.72,8.60,8.99,8.42,142780000.00,1.51
2005-05-01,9.11,8.72,9.21,8.47,130660000.00,4.47
2005-05-08,8.53,9.13,9.16,8.49,151650000.00,-6.37
2005-05-15,9.06,8.61,9.12,8.52,136810000.00,6.21
2005-05-22,9.30,9.06,9.32,8.78,74770000.00,2.65
2005-05-29,9.59,9.23,9.66,9.23,151440000.00,3.12
2005-06-05,9.38,9.43,9.53,9.12,176190000.00,-2.19
2005-06-12,9.94,9.41,9.94,9.31,195960000.00,5.97
2005-06-19,9.83,9.95,10.19,9.76,236930000.00,-1.11
2005-06-26,9.98,9.72,10.24,9.72,147150000.00,1.53
2005-07-03,10.01,9.90,10.21,9.80,182090000.00,0.30
2005-07-10,9.67,9.98,10.23,9.67,189530000.00,-3.40
2005-07-17,9.95,9.64,9.97,9.52,161300000.00,2.90
2005-07-24,10.05,9.78,10.26,9.61,197510000.00,1.01
2005-07-31,10.54,10.05,10.70,9.99,166230000.00,4.88
2005-08-07,11.29,10.55,11.29,10.55,204490000.00,7.12
2005-08-14,11.05,11.43,11.44,10.70,257350000.00,-2.13
2005-08-21,11.24,11.15,11.55,11.00,162080000.00,1.72
2005-08-28,11.85,11.45,12.15,11.37,140770000.00,5.43
2005-09-04,12.49,11.89,12.54,11.80,30970000.00,5.40
2005-09-11,12.83,12.70,12.88,12.42,38350000.00,2.72
2005-09-18,13.20,12.77,13.84,12.70,55510000.00,2.88
2005-09-25,13.16,13.17,13.56,12.74,44740000.00,-0.30
2005-10-02,11.70,13.17,13.33,11.35,72630000.00,-11.09
2005-10-09,11.51,11.86,12.02,11.22,49770000.00,-1.62
2005-10-16,11.29,11.66,11.99,10.79,64710000.00,-1.91
2005-10-23,11.50,11.24,12.07,11.24,37300000.00,1.86
2005-10-30,12.05,11.63,12.51,11.50,46310000.00,4.78
2005-11-06,11.39,12.18,12.29,11.26,60020000.00,-5.48
2005-11-13,12.07,11.26,12.15,11.06,30860000.00,5.97
2005-11-20,12.65,12.17,12.78,12.00,42590000.00,4.81
2005-11-27,13.13,12.70,13.24,12.07,48900000.00,3.79
2005-12-04,13.32,13.17,13.43,12.90,42540000.00,1.45
2005-12-11,13.40,13.40,13.64,13.18,38530000.00,0.60
2005-12-18,13.53,13.38,13.73,13.26,33010000.00,0.97
2005-12-25,13.73,13.54,13.83,13.33,20590000.00,1.48
2006-01-01,15.08,13.59,15.09,13.56,45900000.00,9.83
2006-01-08,15.72,15.02,16.09,14.89,62010000.00,4.24
2006-01-15,16.33,15.72,16.34,15.40,50440000.00,3.88
2006-01-22,16.60,16.24,17.12,16.16,45180000.00,1.65
2006-01-29,16.31,16.68,17.46,16.06,65420000.00,-1.75
2006-02-05,15.26,16.38,16.77,15.13,71530000.00,-6.44
2006-02-12,16.24,15.24,16.55,14.81,88970000.00,6.42
2006-02-19,16.51,16.46,16.86,15.80,60450000.00,1.66
2006-02-26,16.79,16.03,16.83,16.03,29530000.00,1.70
2006-03-05,15.21,16.83,16.84,14.99,77470000.00,-9.41
2006-03-12,15.80,15.30,16.42,15.09,61090000.00,3.88
2006-03-19,15.67,15.87,16.18,15.41,65410000.00,-0.82
2006-03-26,15.92,15.48,16.04,15.40,55800000.00,1.60
2006-04-02,16.18,15.98,16.42,15.85,51580000.00,1.63
2006-04-09,16.00,16.16,16.38,15.83,41000000.00,-1.11
2006-04-16,17.09,16.01,17.38,16.01,60130000.00,6.81
2006-04-23,17.06,17.35,17.38,16.61,49270000.00,-0.18
2006-04-30,17.52,16.83,17.57,16.83,58700000.00,2.70
2006-05-07,17.31,17.38,17.86,17.16,63270000.00,-1.20
2006-05-14,15.97,17.16,17.34,15.58,89090000.00,-7.74
2006-05-21,16.61,15.50,16.64,15.20,83430000.00,4.01
2006-05-28,16.49,16.61,16.79,15.99,67360000.00,-0.72
2006-06-04,14.53,16.56,16.57,14.26,76600000.00,-11.89
2006-06-11,14.87,14.69,15.03,13.40,79030000.00,2.34
2006-06-18,15.15,14.95,15.33,14.30,56700000.00,1.88
2006-06-25,15.94,15.19,16.18,14.99,51710000.00,5.21
2006-07-02,15.80,15.87,16.20,15.54,56790000.00,-0.88
2006-07-09,16.33,15.80,16.36,15.57,56660000.00,3.35
2006-07-16,15.50,16.22,16.34,15.24,58650000.00,-5.08
2006-07-23,16.64,15.70,16.71,15.50,39650000.00,7.35
2006-07-30,16.86,16.56,17.19,16.39,51030000.00,1.32
2006-08-06,16.75,16.92,17.21,16.68,43670000.00,-0.65
2006-08-13,16.57,16.75,16.87,16.25,57280000.00,-1.07
2006-08-20,16.20,16.53,16.63,15.62,52440000.00,-2.23
2006-08-27,16.19,16.05,16.27,15.63,48920000.00,-0.06
2006-09-03,15.20,16.24,16.39,15.15,42030000.00,-6.11
2006-09-10,14.49,15.03,15.20,14.28,97610000.00,-4.67
2006-09-17,14.08,14.63,15.07,14.06,87010000.00,-2.83
2006-09-24,14.98,14.06,15.12,13.71,83230000.00,6.39
2006-10-01,14.84,15.13,15.26,14.14,90500000.00,-0.93
2006-10-08,15.37,14.76,15.43,14.72,58930000.00,3.57
2006-10-15,15.17,15.37,15.54,15.05,65080000.00,-1.30
2006-10-22,15.89,15.08,16.16,14.87,74620000.00,4.75
2006-10-29,15.94,15.85,15.94,15.54,47280000.00,0.31
2006-11-05,16.74,16.00,16.79,15.95,71630000.00,5.02
2006-11-12,16.05,16.39,16.64,15.81,69950000.00,-4.12
2006-11-19,16.35,16.09,16.57,16.01,51740000.00,1.87
2006-11-26,16.72,16.28,17.03,16.05,72480000.00,2.26
2006-12-03,17.41,16.62,17.49,16.61,72080000.00,4.13
2006-12-10,17.44,17.46,17.61,17.11,71040000.00,0.17
2006-12-17,17.78,17.57,17.97,17.26,65480000.00,1.95
2006-12-24,18.38,17.83,18.44,17.80,26710000.00,3.37
2006-12-31,17.05,18.45,18.62,16.64,75940000.00,-7.24
2007-01-07,16.66,17.16,17.40,16.35,111240000.00,-2.29
2007-01-14,16.67,16.83,16.92,15.94,97630000.00,0.06
2007-01-21,17.16,16.79,17.42,16.54,61650000.00,2.94
2007-01-28,17.46,17.16,17.51,16.65,74310000.00,1.75
2007-02-04,16.53,17.42,17.57,16.37,102090000.00,-5.33
2007-02-11,16.36,16.61,16.88,16.17,105220000.00,-1.03
2007-02-18,16.77,16.23,16.93,16.09,50250000.00,2.51
2007-02-25,15.15,16.94,16.97,15.09,120180000.00,-9.66
2007-03-04,15.69,14.78,15.87,14.65,91610000.00,3.56
2007-03-11,14.84,15.54,15.65,14.84,86940000.00,-5.42
2007-03-18,16.27,14.98,16.42,14.97,83620000.00,9.64
2007-03-25,17.03,16.37,17.27,16.18,114310000.00,4.67
2007-04-01,17.05,16.97,17.15,16.60,67950000.00,0.12
2007-04-08,17.61,17.16,17.72,16.90,99070000.00,3.28
2007-04-15,17.35,17.72,18.08,17.09,101050000.00,-1.48
2007-04-22,17.01,17.38,17.69,16.82,75990000.00,-1.96
2007-04-29,16.98,17.12,17.29,16.68,65310000.00,-0.18
2007-05-06,16.69,16.94,16.94,16.29,99220000.00,-1.71
2007-05-13,17.16,16.44,17.20,16.44,99750000.00,2.82
2007-05-20,17.23,17.21,17.64,16.90,100540000.00,0.41
2007-05-27,17.38,17.24,17.41,16.64,79220000.00,0.87
2007-06-03,17.49,17.22,17.82,17.07,72110000.00,0.63
2007-06-10,18.73,17.60,18.82,17.46,139430000.00,7.09
2007-06-17,18.94,18.82,19.23,18.69,91170000.00,1.12
2007-06-24,19.06,18.92,19.21,18.56,72190000.00,0.63
2007-07-01,20.20,19.12,20.24,19.05,64320000.00,5.98
2007-07-08,20.61,20.21,20.85,19.78,68350000.00,2.03
2007-07-15,20.88,20.61,21.09,20.22,64700000.00,1.31
2007-07-22,18.84,20.95,21.22,18.84,100750000.00,-9.77
2007-07-29,18.64,19.05,20.21,18.53,84800000.00,-1.06
2007-08-05,18.27,18.80,19.51,18.01,102370000.00,-1.98
2007-08-12,17.12,18.64,18.90,16.10,151400000.00,-6.29
2007-08-19,18.36,17.23,18.43,16.77,106650000.00,7.24
2007-08-26,19.26,18.27,19.39,17.81,83320000.00,4.90
2007-09-02,19.96,19.26,20.28,19.23,60900000.00,3.63
2007-09-09,20.04,19.61,20.54,19.25,93090000.00,0.40
2007-09-16,21.59,19.93,21.59,19.70,99580000.00,7.73
2007-09-23,21.85,21.75,22.33,21.57,98050000.00,1.20
2007-09-30,22.75,21.80,22.88,21.15,104950000.00,4.12
2007-10-07,24.08,22.68,24.89,22.58,94450000.00,5.85
2007-10-14,23.44,24.57,25.33,23.44,126410000.00,-2.66
2007-10-21,26.45,22.73,26.51,22.54,112760000.00,12.84
2007-10-28,26.58,26.61,27.53,25.91,107280000.00,0.49
2007-11-04,30.38,26.04,33.81,25.26,230330000.00,14.30
2007-11-11,29.32,28.92,30.20,27.24,137750000.00,-3.49
2007-11-18,28.46,29.24,29.58,27.99,78250000.00,-2.93
2007-11-25,26.75,28.65,28.96,26.75,119160000.00,-6.01
2007-12-02,29.78,27.06,31.44,26.60,105420000.00,11.33
2007-12-09,30.21,30.11,31.95,29.05,124590000.00,1.44
2007-12-16,31.63,29.74,32.17,28.54,120660000.00,4.70
2007-12-23,32.89,32.22,32.89,31.74,59280000.00,3.98
2007-12-30,30.28,32.36,32.64,30.10,56610000.00,-7.94
2008-01-06,30.34,30.30,31.80,29.25,106210000.00,0.20
2008-01-13,26.81,30.66,30.77,25.82,133440000.00,-11.63
2008-01-20,28.65,25.28,28.73,24.72,121680000.00,6.86
2008-01-27,30.51,28.01,30.85,28.01,123970000.00,6.49
2008-02-03,30.54,29.48,30.88,29.26,63330000.00,0.10
2008-02-10,30.92,30.84,31.97,30.61,102880000.00,1.24
2008-02-17,31.48,31.48,32.26,30.79,98110000.00,1.81
2008-02-24,30.41,31.37,32.28,30.41,104010000.00,-3.40
2008-03-02,29.18,30.54,30.88,28.86,120270000.00,-4.04
2008-03-09,28.65,29.19,30.06,28.38,98270000.00,-1.82
2008-03-16,25.91,27.67,28.24,25.20,113430000.00,-9.56
2008-03-23,27.11,26.10,28.31,25.89,94270000.00,4.63
2008-03-30,29.50,27.48,29.98,26.96,107850000.00,8.82
2008-04-06,29.41,29.79,30.30,28.96,85790000.00,-0.31
2008-04-13,31.93,29.20,32.17,28.83,189860000.00,8.57
2008-04-20,31.56,32.38,32.73,30.92,105820000.00,-1.16
2008-04-27,32.19,31.88,33.09,30.32,107410000.00,2.00
2008-05-04,34.19,32.34,34.19,32.05,105840000.00,6.21
2008-05-11,36.05,34.28,36.09,33.71,118230000.00,5.44
2008-05-18,37.85,36.15,40.19,36.06,119840000.00,4.99
2008-05-25,36.69,38.19,38.82,36.61,111740000.00,-3.06
2008-06-01,35.63,36.61,37.64,33.59,140470000.00,-2.89
2008-06-08,34.37,35.94,36.01,33.54,106660000.00,-3.54
2008-06-15,32.29,34.47,34.89,32.19,114260000.00,-6.05
2008-06-22,33.92,32.42,34.07,32.30,88110000.00,5.05
2008-06-29,32.34,34.22,35.07,31.45,82620000.00,-4.66
2008-07-06,30.40,32.79,32.92,29.21,93980000.00,-6.00
2008-07-13,28.60,30.77,30.84,28.00,104550000.00,-5.92
2008-07-20,25.83,28.97,29.18,25.15,113320000.00,-9.69
2008-07-27,25.84,26.33,27.61,25.64,95180000.00,0.04
2008-08-03,25.12,25.83,26.11,23.81,101420000.00,-2.79
2008-08-10,24.46,25.31,25.76,23.98,95530000.00,-2.63
2008-08-17,26.42,24.56,26.89,23.07,94970000.00,8.01
2008-08-24,26.13,26.05,26.96,25.06,72780000.00,-1.10
2008-08-31,23.85,26.05,26.05,22.65,89340000.00,-8.73
2008-09-07,24.71,24.71,24.86,20.11,170320000.00,3.61
2008-09-14,26.19,22.90,26.57,20.90,182130000.00,5.99
2008-09-21,26.53,26.49,27.24,24.38,118860000.00,1.30
2008-09-28,23.21,25.46,26.41,22.46,128870000.00,-12.51
2008-10-05,17.97,21.26,23.17,17.15,215320000.00,-22.58
2008-10-12,17.21,19.69,21.71,15.81,231990000.00,-4.23
2008-10-19,15.27,17.66,19.32,14.98,177310000.00,-11.27
2008-10-26,17.45,15.03,17.89,13.33,204430000.00,14.28
2008-11-02,17.41,17.74,19.23,16.64,148670000.00,-0.23
2008-11-09,15.54,18.42,18.71,14.88,177850000.00,-10.74
2008-11-16,12.65,14.97,15.57,12.54,129210000.00,-18.60
2008-11-23,15.02,13.48,15.55,13.36,166750000.00,18.74
2008-11-30,13.60,14.40,14.67,12.99,150670000.00,-9.45
2008-12-07,16.92,14.34,17.58,14.27,213180000.00,24.41
2008-12-14,17.48,17.32,18.53,16.93,154750000.00,3.31
2008-12-21,17.07,17.59,17.83,16.35,43670000.00,-2.35
2008-12-28,18.73,17.52,18.75,16.87,48020000.00,9.72
2009-01-04,19.39,18.61,19.83,18.20,114140000.00,3.52
2009-01-11,18.53,18.88,19.04,17.19,137950000.00,-4.44
2009-01-18,18.01,18.58,18.74,17.35,100680000.00,-2.81
2009-01-25,19.10,17.94,19.68,17.75,114670000.00,6.05
2009-02-01,20.68,18.74,20.83,18.71,129040000.00,8.27
2009-02-08,21.07,20.62,21.49,19.91,135900000.00,1.89
2009-02-15,19.68,20.91,21.31,19.26,115350000.00,-6.60
2009-02-22,20.15,19.31,20.87,19.31,67570000.00,2.39
2009-03-01,19.59,19.81,20.52,18.51,152480000.00,-2.78
2009-03-08,21.14,19.20,21.36,19.17,140980000.00,7.91
2009-03-15,22.21,21.26,23.07,20.46,137450000.00,5.06
2009-03-22,22.59,22.84,23.70,22.35,119100000.00,1.71
2009-03-29,23.20,22.02,23.57,21.33,117220000.00,2.70
2009-04-05,23.80,23.00,23.85,22.52,83390000.00,2.59
2009-04-12,22.78,23.54,24.17,22.74,109810000.00,-4.29
2009-04-19,22.62,22.38,22.91,21.96,77780000.00,-0.70
2009-04-26,22.80,22.37,23.36,21.73,85110000.00,0.80
2009-05-03,25.47,23.37,25.50,23.27,140130000.00,11.71
2009-05-10,24.16,24.97,25.78,23.95,98120000.00,-5.14
2009-05-17,25.37,24.23,25.97,24.05,102970000.00,5.01
2009-05-24,26.59,25.30,27.17,25.18,96680000.00,4.81
2009-05-31,26.22,27.21,27.32,25.35,111280000.00,-1.39
2009-06-07,26.20,25.90,26.49,25.70,69400000.00,-0.08
2009-06-14,24.66,25.85,26.01,24.49,87220000.00,-5.88
2009-06-21,24.89,24.47,25.12,23.62,91260000.00,0.93
2009-06-28,23.93,25.16,25.72,23.85,72820000.00,-3.86
2009-07-05,23.12,23.61,23.68,22.21,74080000.00,-3.38
2009-07-12,24.55,23.30,24.64,22.56,82120000.00,6.19
2009-07-19,25.33,24.94,25.46,24.55,94010000.00,3.18
2009-07-26,24.52,25.37,25.45,24.00,80210000.00,-3.20
2009-08-02,24.94,24.90,25.55,24.76,73250000.00,1.71
2009-08-09,25.21,24.86,25.40,24.33,78070000.00,1.08
2009-08-16,26.21,24.81,26.30,24.66,91170000.00,3.97
2009-08-23,25.37,26.30,26.65,25.07,93130000.00,-3.20
2009-08-30,25.34,25.06,25.47,24.04,116500000.00,-0.12
2009-09-06,25.83,25.71,26.11,25.41,55340000.00,1.93
2009-09-13,27.00,25.64,27.10,25.45,87240000.00,4.53
2009-09-20,26.58,26.79,27.34,26.26,83440000.00,-1.56
2009-09-27,26.77,26.69,27.42,26.30,76610000.00,0.71
2009-10-04,27.93,26.88,28.05,26.57,68670000.00,4.33
2009-10-11,28.53,28.14,28.80,27.94,64800000.00,2.15
2009-10-18,28.61,28.69,29.55,28.23,89430000.00,0.28
2009-10-25,27.46,28.69,29.17,26.84,95670000.00,-4.02
2009-11-01,28.26,27.24,28.80,27.03,53040000.00,2.91
2009-11-08,29.10,28.77,29.78,28.65,93510000.00,2.97
2009-11-15,30.18,29.50,30.72,29.21,98770000.00,3.71
2009-11-22,30.49,30.49,31.08,29.85,71580000.00,1.03
2009-11-29,30.10,30.50,31.42,29.94,80380000.00,-1.28
2009-12-06,29.63,30.40,30.48,29.21,83070000.00,-1.56
2009-12-13,28.67,29.80,30.14,28.58,74810000.00,-3.24
2009-12-20,28.92,29.00,29.04,27.74,47010000.00,0.87
2009-12-27,28.92,29.09,29.16,28.65,28260000.00,0.00
2010-01-03,29.12,29.12,29.55,29.00,79140000.00,0.69
2010-01-10,28.17,29.33,29.43,27.99,94850000.00,-3.26
2010-01-17,27.39,28.29,28.90,26.84,102580000.00,-2.77
2010-01-24,26.93,27.02,27.62,26.41,70220000.00,-1.68
2010-01-31,24.84,27.02,27.32,24.21,100710000.00,-7.76
2010-02-07,26.64,25.06,26.81,24.76,102060000.00,7.25
2010-02-14,27.07,27.10,27.34,26.65,45570000.00,1.61
2010-02-21,27.28,27.19,27.50,26.21,86830000.00,0.78
2010-02-28,28.22,27.44,28.31,27.13,96450000.00,3.45
2010-03-07,29.21,28.32,29.53,27.91,150310000.00,3.51
2010-03-14,28.55,28.97,29.54,28.50,79410000.00,-2.26
2010-03-21,27.19,28.06,28.82,27.03,96000000.00,-4.76
2010-03-28,28.17,27.38,28.29,26.89,62020000.00,3.60
2010-04-04,27.76,28.33,28.69,27.76,71270000.00,-1.46
2010-04-11,25.97,27.78,27.92,25.79,159400000.00,-6.45
2010-04-18,26.99,25.69,27.03,25.62,78440000.00,3.93
2010-04-25,26.04,27.07,27.14,25.33,81940000.00,-3.52
2010-05-02,23.62,25.84,25.90,22.52,154330000.00,-9.29
2010-05-09,23.89,24.61,24.69,23.27,94190000.00,1.14
2010-05-16,21.90,23.98,24.13,21.54,123650000.00,-8.33
2010-05-23,22.55,21.91,22.55,20.79,98440000.00,2.97
2010-05-30,23.39,22.56,23.73,22.56,67460000.00,3.73
2010-06-06,23.69,23.55,24.29,23.46,82290000.00,1.28
2010-06-13,23.58,23.91,23.94,22.98,80350000.00,-0.46
2010-06-20,22.32,23.76,23.97,21.84,100130000.00,-5.34
2010-06-27,21.41,22.33,22.44,21.04,70410000.00,-4.08
2010-07-04,22.06,21.42,22.10,21.22,49900000.00,3.04
2010-07-11,21.46,22.09,22.18,21.36,50930000.00,-2.72
2010-07-18,22.22,21.47,22.62,21.34,66390000.00,3.54
2010-07-25,22.27,22.22,22.52,21.95,52670000.00,0.23
2010-08-01,23.43,22.53,23.79,22.51,85090000.00,5.21
2010-08-08,22.28,23.64,23.64,21.91,69610000.00,-4.91
2010-08-15,21.57,22.24,23.00,21.39,94440000.00,-3.19
2010-08-22,21.39,21.68,21.90,20.54,84720000.00,-0.83
2010-08-29,23.20,21.22,23.29,20.50,136690000.00,8.46
2010-09-05,22.17,23.50,23.59,21.90,88960000.00,-4.44
2010-09-12,21.30,22.35,23.01,20.74,142770000.00,-3.92
2010-09-19,21.18,21.28,22.12,20.80,240590000.00,-0.56
2010-09-26,22.15,21.22,22.51,20.98,228180000.00,4.58
2010-10-03,20.94,22.13,22.43,19.85,227170000.00,-5.46
2010-10-10,21.18,21.02,21.46,20.49,111700000.00,1.15
2010-10-17,19.50,21.06,21.35,19.25,163470000.00,-7.93
2010-10-24,20.82,19.69,21.79,19.61,202820000.00,6.77
2010-10-31,22.07,20.98,22.39,20.89,107790000.00,6.00
2010-11-07,20.93,21.95,22.49,20.91,136070000.00,-5.17
2010-11-14,20.81,20.93,21.13,20.35,90250000.00,-0.57
2010-11-21,19.92,20.76,20.79,19.78,96900000.00,-4.28
2010-11-28,20.81,19.88,20.81,19.81,104350000.00,4.47
2010-12-05,20.81,20.86,21.29,20.24,101950000.00,0.00
2010-12-12,21.01,20.96,21.13,20.28,89590000.00,0.96
2010-12-19,21.01,21.01,21.11,20.71,71930000.00,0.00
2010-12-26,22.27,20.86,22.39,20.83,83760000.00,6.00
2011-01-02,21.81,22.44,22.51,21.54,119910000.00,-2.07
2011-01-09,22.48,21.75,22.95,21.69,128950000.00,3.07
2011-01-16,22.08,22.38,22.81,22.00,103780000.00,-1.78
2011-01-23,21.77,22.10,22.30,21.42,78840000.00,-1.40
2011-01-30,22.54,21.92,23.03,21.76,151380000.00,3.54
2011-02-06,21.54,22.69,22.74,21.31,125890000.00,-4.44
2011-02-13,22.34,21.55,22.40,21.41,106400000.00,3.71
2011-02-20,23.34,22.42,23.88,22.24,198110000.00,4.48
2011-02-27,23.73,23.21,23.81,22.98,119700000.00,1.67
2011-03-06,22.99,23.53,23.56,22.58,59490000.00,-3.12
2011-03-13,22.77,22.85,23.19,22.40,107950000.00,-0.96
2011-03-20,23.52,22.98,23.64,22.83,101250000.00,3.29
2011-03-27,23.60,23.45,23.65,23.20,66490000.00,0.34
2011-04-03,23.00,23.65,23.69,22.76,87380000.00,-2.54
2011-04-10,21.78,22.98,22.98,21.29,137730000.00,-5.30
2011-04-17,21.59,21.60,21.60,20.92,78910000.00,-0.87
2011-04-24,21.12,21.60,21.70,20.74,80310000.00,-2.18
2011-05-01,19.98,21.21,21.36,19.92,118220000.00,-5.40
2011-05-08,19.57,20.00,20.51,19.49,96390000.00,-2.05
2011-05-15,19.96,19.49,20.53,19.41,100890000.00,1.99
2011-05-22,20.21,19.55,20.33,19.48,70540000.00,1.25
2011-05-29,19.79,20.23,20.26,19.69,68750000.00,-2.08
2011-06-05,19.74,19.86,19.92,19.01,109220000.00,-0.25
2011-06-12,19.34,19.78,19.82,19.21,80680000.00,-2.03
2011-06-19,19.03,19.30,19.69,19.01,67130000.00,-1.60
2011-06-26,19.76,19.14,19.88,19.03,79190000.00,3.84
2011-07-03,19.50,19.74,19.95,19.38,60470000.00,-1.32
2011-07-10,19.13,19.30,19.50,19.02,76840000.00,-1.90
2011-07-17,19.11,18.98,19.36,18.62,84970000.00,-0.10
2011-07-24,19.55,19.21,19.90,19.18,105310000.00,2.30
2011-07-31,16.94,19.69,19.76,16.56,137900000.00,-13.35
2011-08-07,17.04,16.13,17.22,15.42,196140000.00,0.59
2011-08-14,16.53,17.20,17.62,16.53,109400000.00,-2.99
2011-08-21,16.70,16.87,17.08,16.37,94660000.00,1.03
2011-08-28,17.10,16.94,17.74,16.81,105770000.00,2.40
2011-09-04,16.91,16.70,17.52,16.52,66200000.00,-1.11
2011-09-11,17.33,16.62,17.47,16.55,77360000.00,2.48
2011-09-18,16.08,17.06,17.69,16.05,103650000.00,-7.21
2011-09-25,16.03,16.24,16.87,15.89,84170000.00,-0.31
2011-10-02,15.36,15.91,16.02,15.02,126880000.00,-4.18
2011-10-09,16.48,15.53,16.53,15.40,95400000.00,7.29
2011-10-16,16.17,16.32,16.53,15.63,97670000.00,-1.88
2011-10-23,18.11,16.28,18.11,16.15,128450000.00,12.00
2011-10-30,18.55,18.17,18.61,17.12,102110000.00,2.43
2011-11-06,18.43,18.51,19.25,17.99,107130000.00,-0.65
2011-11-13,18.42,18.51,18.82,18.18,75960000.00,-0.05
2011-11-20,17.79,18.13,18.62,17.79,98150000.00,-3.42
2011-11-27,19.08,18.22,19.25,18.06,102470000.00,7.25
2011-12-04,19.50,19.26,19.88,18.95,97780000.00,2.20
2011-12-11,18.04,19.28,19.35,18.04,117330000.00,-7.49
2011-12-18,18.82,18.10,18.96,17.89,85290000.00,4.32
2011-12-25,18.20,18.89,18.92,17.79,49640000.00,-3.29
2012-01-01,19.09,18.22,19.33,18.01,95500000.00,4.89
2012-01-08,19.70,19.18,19.89,19.05,111010000.00,3.20
2012-01-15,20.70,19.70,20.98,19.68,122090000.00,5.08
2012-01-22,21.09,20.59,22.13,20.55,122020000.00,1.88
2012-01-29,21.04,20.88,21.56,20.80,116260000.00,-0.24
2012-02-05,20.09,20.93,22.12,20.09,180460000.00,-4.52
2012-02-12,20.56,20.35,20.98,19.41,189860000.00,2.34
2012-02-19,20.93,20.45,21.02,20.23,61770000.00,1.80
2012-02-26,21.63,21.07,21.63,20.72,115900000.00,3.34
2012-03-04,20.27,21.50,21.58,20.17,93050000.00,-6.29
2012-03-11,20.82,20.13,21.44,19.97,140960000.00,2.71
2012-03-18,20.36,20.75,21.09,20.33,100190000.00,-2.21
2012-03-25,20.06,20.57,20.87,19.70,96260000.00,-1.47
2012-04-01,18.90,20.00,20.27,18.61,82840000.00,-5.78
2012-04-08,18.62,18.69,18.97,18.05,97260000.00,-1.48
2012-04-15,18.44,18.75,18.84,18.27,75980000.00,-0.97
2012-04-22,17.98,18.22,18.46,17.88,92730000.00,-2.49
2012-04-29,17.59,18.01,19.11,17.35,104640000.00,-2.17
2012-05-06,16.78,17.57,17.80,16.78,112990000.00,-4.60
2012-05-13,16.55,16.56,17.01,16.00,174400000.00,-1.37
2012-05-20,16.18,16.66,17.79,16.08,135590000.00,-2.24
2012-05-27,16.32,16.45,16.68,15.69,116600000.00,0.87
2012-06-03,16.39,16.35,16.77,16.20,94720000.00,0.43
2012-06-10,16.10,16.59,16.66,15.48,145590000.00,-1.77
2012-06-17,16.97,16.00,17.49,15.81,162540000.00,5.40
2012-06-24,15.84,16.23,16.40,15.12,151430000.00,-6.66
2012-07-01,16.66,15.71,17.18,15.60,118570000.00,5.18
2012-07-08,16.97,16.58,17.05,15.66,130090000.00,1.86
2012-07-15,16.65,16.97,17.16,16.47,100140000.00,-1.89
2012-07-22,17.51,16.38,17.51,15.98,116990000.00,5.17
2012-07-29,17.31,17.41,17.63,16.58,144460000.00,-1.14
2012-08-05,18.29,16.51,18.40,16.34,175130000.00,5.66
2012-08-12,18.70,18.24,18.75,18.00,106360000.00,2.24
2012-08-19,18.43,18.65,18.99,18.25,123110000.00,-1.44
2012-08-26,18.01,18.46,18.68,18.01,85360000.00,-2.28
2012-09-02,18.23,18.03,18.35,17.60,56020000.00,1.22
2012-09-09,20.22,18.61,20.69,18.35,155470000.00,10.92
2012-09-16,19.70,20.11,20.56,19.46,115900000.00,-2.57
2012-09-23,19.42,19.67,20.05,19.27,98310000.00,-1.42
2012-09-30,19.31,19.38,19.86,19.11,90580000.00,-0.57
2012-10-07,19.53,19.18,19.62,19.18,68030000.00,1.14
2012-10-14,19.31,19.57,20.05,19.31,121800000.00,-1.13
2012-10-21,19.18,19.38,19.57,18.66,91930000.00,-0.67
2012-10-28,18.10,18.66,18.85,17.95,80010000.00,-5.63
2012-11-04,18.04,17.91,18.92,17.73,109390000.00,-0.33
2012-11-11,16.52,18.08,18.19,16.35,102030000.00,-8.43
2012-11-18,16.64,16.87,17.03,16.01,88710000.00,0.73
2012-11-25,16.20,16.60,16.74,15.93,135140000.00,-2.64
2012-12-02,16.56,16.39,16.61,16.20,97340000.00,2.22
2012-12-09,17.54,16.53,17.60,16.44,161020000.00,5.92
2012-12-16,17.96,17.43,18.30,17.19,154120000.00,2.39
2012-12-23,16.94,17.83,17.95,16.75,79420000.00,-5.68
2012-12-30,17.78,17.35,17.90,17.09,96120000.00,4.96
2013-01-06,17.25,17.78,17.94,16.89,114930000.00,-2.98
2013-01-13,16.99,17.37,17.57,16.99,110550000.00,-1.51
2013-01-20,17.02,16.99,17.12,16.69,77310000.00,0.18
2013-01-27,16.02,17.12,17.19,15.54,173660000.00,-5.88
2013-02-03,15.40,15.76,15.93,14.98,206510000.00,-3.87
2013-02-10,15.30,15.58,15.62,15.21,72370000.00,-0.65
2013-02-17,14.89,15.31,15.78,14.76,135010000.00,-2.68
2013-02-24,14.67,14.80,14.84,14.23,150760000.00,-1.48
2013-03-03,15.94,14.60,16.99,14.29,233030000.00,8.66
2013-03-10,16.57,15.87,16.97,15.55,152670000.00,3.95
2013-03-17,16.17,16.40,16.79,16.02,139410000.00,-2.41
2013-03-24,15.93,16.26,16.39,15.81,68500000.00,-1.48
2013-03-31,15.45,15.86,15.95,15.23,87870000.00,-3.01
2013-04-07,15.59,15.50,16.19,15.05,133530000.00,0.91
2013-04-14,16.04,15.36,16.04,14.74,164570000.00,2.89
2013-04-21,16.74,15.94,17.09,15.77,153640000.00,4.36
2013-04-28,18.07,17.36,18.66,17.31,181770000.00,7.95
2013-05-05,18.02,18.08,18.81,17.80,126480000.00,-0.28
2013-05-12,18.02,17.89,18.14,17.39,117560000.00,0.00
2013-05-19,18.11,17.98,18.43,17.60,158880000.00,0.50
2013-05-26,18.11,18.08,18.39,17.89,93230000.00,0.00
2013-06-02,17.02,18.17,18.49,16.91,152270000.00,-6.02
2013-06-09,16.31,17.02,17.27,16.21,158150000.00,-4.17
2013-06-16,14.87,16.67,16.74,14.87,201020000.00,-8.83
2013-06-23,14.62,14.43,14.88,14.06,161480000.00,-1.68
2013-06-30,13.69,14.63,14.74,13.50,200950000.00,-6.36
2013-07-07,13.94,13.73,14.38,13.52,100400000.00,1.83
2013-07-14,14.34,13.96,14.72,13.87,111770000.00,2.87
2013-07-21,15.31,14.43,15.44,14.36,133680000.00,6.76
2013-07-28,15.18,15.35,15.41,14.61,112610000.00,-0.85
2013-08-04,15.43,15.15,15.46,14.54,115320000.00,1.65
2013-08-11,16.06,15.63,16.31,14.61,261690000.00,4.08
2013-08-18,16.76,15.76,16.79,15.39,208240000.00,4.36
2013-08-25,15.18,16.71,16.88,14.92,139210000.00,-9.43
2013-09-01,16.04,15.49,16.26,14.96,165890000.00,5.67
2013-09-08,16.38,16.05,16.75,16.03,151780000.00,2.12
2013-09-15,17.11,16.65,17.44,16.40,126810000.00,4.46
2013-09-22,16.71,17.16,17.36,16.66,86790000.00,-2.34
2013-09-29,16.86,16.64,17.20,16.32,104730000.00,0.90
2013-10-06,16.35,16.77,17.01,16.23,102570000.00,-3.02
2013-10-13,16.20,16.31,16.85,16.11,138360000.00,-0.92
2013-10-20,16.70,16.25,17.22,16.00,157590000.00,3.09
2013-10-27,17.94,17.54,18.57,17.17,244440000.00,7.43
2013-11-03,17.74,18.06,18.64,17.71,120620000.00,-1.11
2013-11-10,18.47,17.76,18.51,17.39,101840000.00,4.11
2013-11-17,18.67,18.52,19.37,18.42,146480000.00,1.08
2013-11-24,17.27,18.82,18.92,16.76,150390000.00,-7.50
2013-12-01,15.56,16.13,16.32,15.40,207930000.00,-9.90
2013-12-08,15.38,15.65,15.78,15.08,98460000.00,-1.16
2013-12-15,15.28,15.58,15.81,15.18,127070000.00,-0.65
2013-12-22,15.29,15.37,15.53,15.19,41560000.00,0.07
2013-12-29,14.83,15.31,15.58,14.83,45210000.00,-3.01
2014-01-05,14.43,14.86,15.20,14.14,110360000.00,-2.70
2014-01-12,14.01,14.46,14.62,13.96,117860000.00,-2.91
2014-01-19,13.64,13.96,14.37,13.53,133030000.00,-2.64
2014-01-26,13.28,13.74,13.95,13.14,141300000.00,-2.64
2014-02-02,13.05,13.18,13.22,12.25,191220000.00,-1.73
2014-02-09,13.17,12.97,13.64,12.94,134540000.00,0.92
2014-02-16,12.78,13.23,13.28,12.54,113920000.00,-2.96
2014-02-23,12.28,12.75,13.25,12.28,151770000.00,-3.91
2014-03-02,12.03,12.38,12.40,11.93,76250000.00,-2.04
2014-03-09,11.54,11.99,12.18,11.54,176120000.00,-4.07
2014-03-16,12.66,11.63,12.78,11.35,242580000.00,9.71
2014-03-23,14.15,12.80,14.25,12.53,223200000.00,11.77
2014-03-30,14.81,14.19,15.07,13.98,218300000.00,4.66
2014-04-06,15.53,15.06,16.38,14.78,231750000.00,4.86
2014-04-13,15.71,15.62,15.93,14.52,135430000.00,1.16
2014-04-20,15.38,15.65,15.99,15.01,128540000.00,-2.10
2014-04-27,16.88,15.30,16.88,15.13,152570000.00,9.75
2014-05-04,16.95,16.93,18.08,16.61,214970000.00,0.41
2014-05-11,17.32,17.22,17.65,17.05,117580000.00,2.18
2014-05-18,16.98,17.25,17.63,16.40,170780000.00,-1.96
2014-05-25,16.01,17.08,17.30,16.01,97110000.00,-5.71
2014-06-01,16.96,16.12,16.96,15.63,145370000.00,5.93
2014-06-08,18.22,16.86,18.29,16.67,157680000.00,7.43
2014-06-15,17.94,18.23,18.35,17.46,114170000.00,-1.54
2014-06-22,16.50,17.99,18.12,16.32,155800000.00,-8.03
2014-06-29,16.79,16.65,16.84,16.16,107950000.00,1.76
2014-07-06,17.54,16.70,17.58,16.44,86670000.00,4.47
2014-07-13,19.69,17.73,20.02,17.67,288310000.00,12.26
2014-07-20,19.66,19.60,20.37,19.14,212090000.00,-0.15
2014-07-27,18.24,19.73,19.76,17.96,156990000.00,-7.22
2014-08-03,18.52,18.37,19.85,18.10,244180000.00,1.54
2014-08-10,19.24,18.58,19.47,17.58,273420000.00,3.89
2014-08-17,20.07,19.71,20.79,19.01,238230000.00,4.31
2014-08-24,22.40,20.36,22.63,20.26,283460000.00,11.61
2014-08-31,21.89,22.98,23.89,21.52,286780000.00,-2.28
2014-09-07,19.32,22.47,22.72,19.04,345280000.00,-11.74
2014-09-14,20.06,19.43,21.61,19.24,299610000.00,3.83
2014-09-21,20.09,19.62,20.38,18.88,227740000.00,0.15
2014-09-28,17.60,18.25,18.47,16.17,380570000.00,-12.39
2014-10-05,19.21,20.63,21.01,19.20,450850000.00,9.15
2014-10-12,18.31,20.49,21.61,17.89,449460000.00,-4.69
2014-10-19,15.64,18.15,18.22,14.78,442590000.00,-14.58
2014-10-26,14.66,13.43,14.66,13.20,517590000.00,-6.27
2014-11-02,13.69,14.35,14.49,12.97,255620000.00,-6.62
2014-11-09,12.66,13.72,13.90,12.33,176650000.00,-7.52
2014-11-16,13.72,12.54,13.73,11.51,219750000.00,8.37
2014-11-23,12.28,14.03,14.64,12.28,285300000.00,-10.50
2014-11-30,11.76,12.10,12.28,11.56,197850000.00,-4.23
2014-12-07,9.70,11.66,11.66,9.70,266020000.00,-17.52
2014-12-14,9.43,9.79,9.93,8.21,425120000.00,-2.78
2014-12-21,9.88,9.50,10.54,9.32,122380000.00,4.77
2014-12-28,8.98,9.74,10.11,8.98,99300000.00,-9.11
2015-01-04,9.02,8.77,9.02,7.71,369570000.00,0.45
2015-01-11,9.06,8.89,9.24,8.29,307680000.00,0.44
2015-01-18,9.59,8.97,10.03,8.78,265220000.00,5.85
2015-01-25,7.85,9.39,9.95,7.75,388650000.00,-18.14
2015-02-01,8.75,8.12,10.34,7.80,458940000.00,11.46
2015-02-08,9.58,8.44,9.69,8.37,322090000.00,9.49
2015-02-15,9.28,9.75,9.92,9.14,113940000.00,-3.13
2015-02-22,9.18,9.16,9.49,8.63,269130000.00,-1.08
2015-03-01,8.86,9.06,9.40,8.79,177800000.00,-3.49
2015-03-08,7.96,8.76,8.81,7.83,282070000.00,-10.16
2015-03-15,8.97,8.14,8.97,7.86,279720000.00,12.69
2015-03-22,9.00,8.92,9.56,8.80,259470000.00,0.33
2015-03-29,10.28,9.11,10.28,9.04,203950000.00,14.22
2015-04-05,11.34,10.36,11.45,10.03,322820000.00,10.31
2015-04-12,12.48,11.48,12.84,11.42,468640000.00,10.05
2015-04-19,12.72,12.69,13.22,11.41,399200000.00,1.92
2015-04-26,12.52,12.42,12.62,11.75,193930000.00,-1.57
2015-05-03,12.97,12.77,14.34,12.76,284460000.00,3.59
2015-05-10,13.49,13.12,13.65,12.88,202780000.00,4.01
2015-05-17,12.55,14.04,14.05,12.12,295100000.00,-6.97
2015-05-24,11.83,12.45,12.48,11.79,242490000.00,-5.74
2015-05-31,12.05,11.92,12.57,11.75,169970000.00,1.86
2015-06-07,12.49,12.10,12.89,11.96,175980000.00,3.65
2015-06-14,12.63,12.44,13.04,12.38,179980000.00,1.12
2015-06-21,12.67,12.76,12.88,12.01,191300000.00,0.32
2015-06-28,11.25,12.47,13.04,11.21,221760000.00,-11.21
2015-07-05,11.31,11.04,11.50,10.38,193130000.00,0.53
2015-07-12,10.94,11.39,11.59,10.93,157640000.00,-3.27
2015-07-19,9.63,10.99,11.07,9.36,209640000.00,-11.97
2015-07-26,10.07,9.56,10.49,9.12,290840000.00,4.57
2015-08-02,9.30,9.94,10.12,9.30,237640000.00,-7.65
2015-08-09,8.92,9.41,9.62,8.92,190520000.00,-4.09
2015-08-16,7.96,8.83,8.98,7.96,182330000.00,-10.76
2015-08-23,8.63,7.44,9.01,7.22,309270000.00,8.42
2015-08-30,8.16,8.36,8.91,7.99,275720000.00,-5.45
2015-09-06,7.35,8.35,8.54,7.28,182700000.00,-9.93
2015-09-13,7.29,7.39,7.91,7.16,292850000.00,-0.82
2015-09-20,6.54,7.35,7.37,6.33,271020000.00,-10.29
2015-09-27,7.45,6.47,7.51,6.18,353040000.00,13.91
2015-10-04,8.44,7.58,8.70,7.43,404480000.00,13.29
2015-10-11,7.38,7.76,7.87,7.12,234290000.00,-12.53
2015-10-18,7.42,7.34,7.69,7.16,222630000.00,0.50
2015-10-25,7.16,7.48,7.55,6.98,210510000.00,-3.50
2015-11-01,7.26,7.28,8.03,7.18,245160000.00,1.43
2015-11-08,6.75,7.27,7.36,6.71,219560000.00,-7.03
2015-11-15,7.28,6.79,7.46,6.79,195930000.00,7.84
2015-11-22,7.06,7.34,7.89,7.03,222640000.00,-3.06
2015-11-29,6.98,7.00,7.59,6.83,291800000.00,-1.05
2015-12-06,6.73,7.06,7.26,6.45,267540000.00,-3.59
2015-12-13,6.52,6.64,6.98,6.43,207450000.00,-3.17
2015-12-20,6.44,6.56,6.58,6.15,133290000.00,-1.28
2015-12-27,6.22,6.41,6.41,6.05,81100000.00,-3.32
2016-01-03,5.82,6.10,6.53,5.65,252400000.00,-6.42
2016-01-10,4.80,5.82,5.85,4.76,356260000.00,-17.54
2016-01-17,4.10,4.82,4.84,3.96,393880000.00,-14.70
2016-01-24,4.49,3.93,4.76,3.83,376350000.00,9.75
2016-01-31,4.22,4.40,4.59,3.92,323990000.00,-6.20
2016-02-07,4.13,3.99,4.19,3.83,169230000.00,-1.98
2016-02-14,4.14,4.23,4.52,4.09,314370000.00,0.22
2016-02-21,4.52,4.34,4.90,4.30,372020000.00,9.19
2016-02-28,6.70,4.72,7.34,4.62,616340000.00,48.25
2016-03-06,7.51,6.73,7.63,6.45,517040000.00,12.05
2016-03-13,7.54,7.55,7.61,5.95,468100000.00,0.37
2016-03-20,7.25,7.50,7.68,6.80,261600000.00,-3.82
2016-03-27,7.76,7.57,8.36,7.35,390420000.00,7.04
2016-04-03,7.67,7.43,7.74,6.88,345170000.00,-1.20
2016-04-10,9.00,7.83,9.13,7.74,424110000.00,17.31
2016-04-17,9.05,8.96,9.22,8.26,260810000.00,0.62
2016-04-24,9.50,9.02,9.79,8.66,292920000.00,4.92
2016-05-01,9.36,9.52,9.62,8.90,247530000.00,-1.47
2016-05-08,8.78,9.30,9.75,8.21,356200000.00,-6.15
2016-05-15,8.26,8.87,9.17,8.03,298660000.00,-5.92
2016-05-22,7.64,7.94,8.30,7.64,187320000.00,-7.53
2016-05-29,7.96,7.60,8.05,7.30,233940000.00,4.13
2016-06-05,8.15,8.08,8.74,7.79,232600000.00,2.45
2016-06-12,8.31,7.97,8.31,7.66,296690000.00,1.94
2016-06-19,8.59,8.56,9.05,8.28,301130000.00,3.35
2016-06-26,9.12,8.56,9.15,8.15,251800000.00,6.16
2016-07-03,9.14,9.24,9.33,8.31,284430000.00,0.20
2016-07-10,10.23,9.29,10.27,9.27,291300000.00,11.99
2016-07-17,11.09,10.19,11.13,10.09,250290000.00,8.35
2016-07-24,11.02,11.12,11.38,10.35,237470000.00,-0.59
2016-07-31,10.82,11.08,11.30,10.31,272650000.00,-1.85
2016-08-07,11.14,10.95,11.55,10.73,241880000.00,3.00
2016-08-14,11.88,11.32,12.10,11.21,226010000.00,6.58
2016-08-21,11.65,11.73,11.98,11.42,238550000.00,-1.88
2016-08-28,12.60,11.61,12.61,11.56,250600000.00,8.13
2016-09-04,12.55,12.81,13.27,12.55,152420000.00,-0.44
2016-09-11,12.22,12.37,12.95,12.02,237940000.00,-2.59
2016-09-18,12.71,12.46,13.08,12.09,263160000.00,4.03
2016-09-25,12.60,12.62,12.91,11.95,253030000.00,-0.88
2016-10-02,14.17,12.69,14.28,12.65,286460000.00,12.45
2016-10-09,15.10,14.41,15.13,13.96,230010000.00,6.55
2016-10-16,16.67,15.08,16.80,14.92,328070000.00,10.39
2016-10-23,16.80,16.96,17.17,16.35,242110000.00,0.78
2016-10-30,14.85,16.74,16.87,14.77,229120000.00,-11.61
2016-11-06,13.01,15.52,16.23,12.94,443780000.00,-12.38
2016-11-13,13.48,12.81,14.23,12.38,270610000.00,3.64
2016-11-20,14.21,13.98,14.93,13.82,222600000.00,5.37
2016-11-27,14.70,14.11,15.18,13.55,300530000.00,3.46
2016-12-04,14.47,14.87,15.16,14.41,240020000.00,-1.58
2016-12-11,13.71,14.66,14.81,13.31,194320000.00,-5.26
2016-12-18,13.22,13.82,13.83,13.01,167810000.00,-3.52
2016-12-25,13.81,13.30,13.82,13.24,57750000.00,4.42
2017-01-01,14.54,13.59,14.78,13.56,157720000.00,5.31
2017-01-08,14.56,14.39,15.09,14.18,170580000.00,0.13
2017-01-15,14.86,14.58,15.03,14.47,130000000.00,2.04
2017-01-22,14.50,14.80,15.26,14.43,135520000.00,-2.38
2017-01-29,14.24,14.40,14.42,13.72,173080000.00,-1.79
2017-02-05,14.47,14.28,14.51,13.25,196140000.00,1.56
2017-02-12,14.50,14.64,14.92,14.44,180950000.00,0.19
2017-02-19,14.10,14.62,15.07,14.02,184080000.00,-2.75
2017-02-26,14.23,14.40,14.44,13.92,88670000.00,0.92
2017-03-05,13.29,14.03,14.37,13.16,192480000.00,-6.59
2017-03-12,12.22,13.31,13.37,12.12,266050000.00,-8.04
2017-03-19,12.52,12.05,12.83,11.90,227000000.00,2.43
2017-03-26,13.46,12.29,13.60,12.09,185400000.00,7.49
2017-04-02,13.65,13.50,14.08,13.39,180020000.00,1.45
2017-04-09,13.07,13.84,13.92,13.07,162600000.00,-4.22
2017-04-16,12.89,13.13,13.34,12.58,159960000.00,-1.42
2017-04-23,12.97,13.12,13.46,12.59,155730000.00,0.65
2017-04-30,13.20,13.06,13.32,12.61,145330000.00,1.72
2017-05-07,14.35,13.12,14.47,12.98,221980000.00,8.73
2017-05-14,12.65,14.64,14.74,11.56,323500000.00,-11.84
2017-05-21,12.70,12.40,13.18,12.07,265050000.00,0.44
2017-05-28,6.85,7.13,7.22,6.65,180490000.00,-46.10
2017-06-04,6.74,6.80,7.00,6.67,168350000.00,-1.53
2017-06-11,6.44,6.81,6.84,6.41,193360000.00,-4.44
2017-06-18,6.26,6.46,6.54,6.08,233080000.00,-2.85
2017-06-25,6.49,6.35,6.55,6.30,172270000.00,3.69
2017-07-02,6.26,6.44,6.57,6.22,179480000.00,-3.56
2017-07-09,6.85,6.21,6.85,6.16,201300000.00,9.39
2017-07-16,6.66,6.84,7.00,6.65,151330000.00,-2.76
2017-07-23,6.89,6.73,7.00,6.70,116820000.00,3.47
2017-07-30,7.03,6.94,7.17,6.86,152070000.00,2.06
2017-08-06,6.79,7.00,7.18,6.79,183130000.00,-3.36
2017-08-13,7.14,6.81,7.14,6.77,189270000.00,5.02
2017-08-20,7.28,7.16,7.31,6.97,197910000.00,2.06
2017-08-27,7.36,7.31,7.45,7.05,254650000.00,1.01
2017-09-03,7.72,7.32,7.95,7.31,177210000.00,4.92
2017-09-10,7.89,7.81,8.01,7.77,202450000.00,2.24
2017-09-17,8.23,7.88,8.37,7.83,249360000.00,4.32
2017-09-24,8.03,8.28,8.37,7.93,177440000.00,-2.49
2017-10-01,8.23,7.97,8.45,7.90,223890000.00,2.55
2017-10-08,8.44,8.19,8.55,8.18,138710000.00,2.49
2017-10-15,8.51,8.48,8.60,8.34,153020000.00,0.87
2017-10-22,8.94,8.55,8.97,8.46,196740000.00,4.99
2017-10-29,8.89,8.90,9.01,8.75,159090000.00,-0.53
2017-11-05,8.77,8.95,9.15,8.66,213690000.00,-1.30
2017-11-12,8.41,8.76,8.80,8.02,198540000.00,-4.19
2017-11-19,8.45,8.47,8.59,8.32,117460000.00,0.50
2017-11-26,8.19,8.40,8.42,7.87,200360000.00,-3.04
2017-12-03,8.05,8.21,8.31,7.91,190150000.00,-1.67
2017-12-10,7.84,8.12,8.23,7.84,197160000.00,-2.61
2017-12-17,8.26,7.95,8.34,7.90,151480000.00,5.35
2017-12-24,8.45,8.26,8.47,8.23,64740000.00,2.22
2017-12-31,8.83,8.49,8.90,8.49,153430000.00,4.53
2018-01-07,9.08,8.78,9.13,8.77,175850000.00,2.79
2018-01-14,9.58,9.09,9.72,9.00,228100000.00,5.55
2018-01-21,10.46,9.58,10.48,9.44,245510000.00,9.15
2018-01-28,10.48,10.32,10.82,10.16,246110000.00,0.20
2018-02-04,9.85,10.31,10.61,9.71,318170000.00,-6.01
2018-02-11,10.19,9.97,10.27,9.95,110120000.00,3.46
2018-02-18,11.08,10.26,11.09,10.26,257950000.00,8.75
2018-02-25,11.29,11.23,11.46,10.76,276370000.00,1.85
2018-03-04,11.75,11.28,11.87,11.19,244160000.00,4.09
2018-03-11,11.24,11.83,11.85,11.14,236440000.00,-4.29
2018-03-18,11.41,11.16,11.60,10.94,227280000.00,1.49
2018-03-25,11.23,11.58,11.65,11.01,145710000.00,-1.56
2018-04-01,11.17,11.21,11.26,10.55,270390000.00,-0.61
2018-04-08,11.12,11.24,11.51,10.77,243740000.00,-0.38
2018-04-15,11.73,11.04,11.78,10.81,273550000.00,5.47
2018-04-22,11.92,11.59,12.03,11.37,245010000.00,1.57
2018-04-29,11.68,11.93,12.08,11.53,136740000.00,-1.94
2018-05-06,13.35,11.84,13.90,11.80,445700000.00,14.23
2018-05-13,13.46,13.56,14.48,13.10,400220000.00,0.83
2018-05-20,10.41,13.69,13.79,10.33,605960000.00,-22.65
2018-05-27,8.50,10.09,10.50,7.83,653670000.00,-18.38
2018-06-03,8.02,9.09,9.36,7.85,437730000.00,-5.63
2018-06-10,7.87,8.15,8.31,7.61,316670000.00,-1.84
2018-06-17,7.94,7.77,8.66,7.45,351180000.00,0.94
2018-06-24,9.04,7.99,9.04,7.92,366700000.00,13.77
2018-07-01,9.43,8.93,9.88,8.88,273720000.00,4.36
2018-07-08,9.52,9.64,9.65,9.10,249970000.00,0.95
2018-07-15,10.14,9.44,10.24,9.25,300190000.00,6.52
2018-07-22,10.39,10.15,10.51,10.10,207410000.00,2.49
2018-07-29,11.10,10.49,11.33,10.24,268320000.00,6.78
2018-08-05,10.30,11.12,11.29,10.18,282340000.00,-7.20
2018-08-12,9.73,10.25,10.70,9.70,297000000.00,-5.53
2018-08-19,9.64,9.68,9.77,9.30,274510000.00,-0.87
2018-08-26,10.15,9.70,10.30,9.64,283210000.00,5.25
2018-09-02,10.01,10.01,10.11,9.61,169860000.00,-1.40
2018-09-09,9.90,10.20,10.33,9.71,265470000.00,-1.05
2018-09-16,10.61,9.82,10.78,9.82,318150000.00,7.18
2018-09-23,11.12,10.65,11.56,10.29,362240000.00,4.72
2018-09-30,12.63,11.20,13.40,10.96,537530000.00,13.61
2018-10-07,13.33,14.20,14.23,13.21,478030000.00,5.55
2018-10-14,13.66,13.65,14.09,13.47,364160000.00,2.49
2018-10-21,14.55,13.85,14.55,13.53,421090000.00,6.48
2018-10-28,14.40,15.14,15.15,13.69,447580000.00,-1.01
2018-11-04,13.42,14.49,14.92,13.01,464850000.00,-6.81
2018-11-11,13.60,13.46,13.72,12.60,380990000.00,1.34
2018-11-18,12.90,13.47,13.86,12.70,266390000.00,-5.17
2018-11-25,13.47,13.12,13.69,12.73,402140000.00,4.47
2018-12-02,13.11,13.92,14.04,12.86,398610000.00,-2.71
2018-12-09,12.20,13.11,13.18,12.15,308360000.00,-6.94
2018-12-16,11.40,12.29,12.31,11.24,531880000.00,-6.51
2018-12-23,12.40,11.26,12.49,11.17,212820000.00,8.78
2018-12-30,13.52,12.33,13.64,12.19,271860000.00,8.99
2019-01-06,13.67,13.59,14.18,13.51,369400000.00,1.09
2019-01-13,13.89,13.57,13.98,13.49,258110000.00,1.64
2019-01-20,13.97,13.84,13.97,13.68,199680000.00,0.55
2019-01-27,14.11,13.83,14.20,13.53,298320000.00,1.02
2019-02-03,13.74,14.13,14.29,13.49,255160000.00,-2.60
2019-02-10,14.68,13.77,14.78,13.42,326090000.00,6.80
2019-02-17,14.84,14.54,15.15,14.44,239700000.00,1.08
2019-02-24,14.60,14.77,15.18,14.53,284870000.00,-1.58
2019-03-03,14.59,14.52,14.72,14.34,100820000.00,-0.11
2019-03-10,15.45,14.78,15.53,14.77,294250000.00,5.92
2019-03-17,14.77,15.51,16.19,14.77,412930000.00,-4.42
2019-03-24,15.35,14.67,15.69,14.67,381110000.00,3.93
2019-03-31,15.74,15.53,15.80,14.97,241030000.00,2.57
2019-04-07,14.13,15.89,16.17,13.98,443310000.00,-10.25
2019-04-14,15.09,14.41,15.25,13.97,414730000.00,6.85
2019-04-21,14.91,15.14,15.35,14.81,261340000.00,-1.20
2019-04-28,14.69,15.08,15.14,14.51,137310000.00,-1.47
2019-05-05,14.60,14.44,15.03,14.30,234960000.00,-0.63
2019-05-12,13.51,14.34,14.49,13.39,227300000.00,-7.50
2019-05-19,14.33,13.51,14.54,13.49,245120000.00,6.11
2019-05-26,14.04,14.45,14.76,13.96,271430000.00,-2.07
2019-06-02,14.70,14.22,14.74,14.04,294410000.00,4.74
2019-06-09,14.87,14.61,15.05,14.57,226150000.00,1.12
2019-06-16,15.54,14.88,15.60,14.81,170980000.00,4.51
2019-06-23,15.06,15.56,15.59,14.84,226830000.00,-3.08
2019-06-30,15.05,15.29,15.40,14.64,193520000.00,-0.04
2019-07-07,15.67,15.11,15.79,15.07,164220000.00,4.12
2019-07-14,15.07,15.71,15.74,15.04,183340000.00,-3.82
2019-07-21,14.36,15.17,15.24,14.34,172800000.00,-4.74
2019-07-28,14.57,14.40,14.77,13.82,258890000.00,1.45
2019-08-04,14.44,14.17,14.66,13.73,245540000.00,-0.90
2019-08-11,13.24,14.24,14.47,13.23,244050000.00,-8.30
2019-08-18,13.44,13.45,14.39,13.11,272730000.00,1.55
2019-08-25,14.12,13.61,14.22,13.16,265300000.00,5.02
2019-09-01,14.68,14.06,14.87,13.86,219280000.00,4.00
2019-09-08,14.88,14.81,15.14,14.75,197490000.00,1.36
2019-09-15,14.95,15.57,15.64,14.95,367830000.00,0.45
2019-09-22,15.31,14.95,15.48,14.83,163290000.00,2.44
2019-09-29,14.68,15.26,15.35,14.55,199600000.00,-4.16
2019-10-06,15.09,14.60,15.15,14.37,158610000.00,2.83
2019-10-13,15.28,14.97,15.50,14.92,148890000.00,1.25
2019-10-20,16.20,15.36,16.36,15.28,286940000.00,5.98
2019-10-27,16.85,16.18,17.29,16.12,317150000.00,4.03
2019-11-03,16.62,17.10,17.29,15.56,485900000.00,-1.35
2019-11-10,16.33,16.53,17.06,16.31,158650000.00,-1.75
2019-11-17,16.71,16.55,16.91,16.01,176030000.00,2.32
2019-11-24,16.25,16.68,16.78,16.06,201390000.00,-2.77
2019-12-01,16.92,16.39,17.05,16.01,200300000.00,4.12
2019-12-08,16.71,16.89,17.31,16.65,253490000.00,-1.22
2019-12-15,16.87,16.75,17.14,16.39,306510000.00,0.93
2019-12-22,17.24,16.83,17.47,16.74,71780000.00,2.25
2019-12-29,17.20,17.26,17.65,17.04,131480000.00,-0.23
2020-01-05,17.10,17.19,17.48,16.92,224380000.00,-0.59
2020-01-12,16.87,17.15,17.19,16.57,168780000.00,-1.39
2020-01-19,16.56,16.78,17.01,16.28,182960000.00,-1.84
2020-01-26,16.07,16.18,16.46,15.63,255380000.00,-2.90
2020-02-02,16.35,16.11,16.67,15.89,345730000.00,1.69
2020-02-09,16.62,16.32,17.11,16.18,233370000.00,1.69
2020-02-16,16.46,16.74,17.45,16.36,238090000.00,-0.95
2020-02-23,14.32,15.28,15.48,13.91,278410000.00,-13.04
2020-03-01,12.90,14.41,15.53,12.74,409090000.00,-9.91
2020-03-08,8.70,10.06,10.54,6.26,875110000.00,-32.54
2020-03-15,6.78,7.29,7.97,6.13,738450000.00,-22.08
2020-03-22,7.51,6.84,8.58,6.37,606760000.00,10.83
2020-03-29,8.67,7.43,9.35,7.25,755150000.00,15.34
2020-04-05,9.50,9.07,10.56,8.58,561710000.00,9.65
2020-04-12,9.11,9.50,9.77,8.77,499480000.00,-4.10
2020-04-19,9.01,8.75,9.85,8.63,501620000.00,-1.12
2020-04-26,10.20,9.12,10.44,8.92,350150000.00,13.17
2020-05-03,10.44,9.85,10.50,9.71,364640000.00,2.38
2020-05-10,9.69,10.34,10.70,9.45,473260000.00,-7.20
2020-05-17,10.55,10.23,11.17,10.13,419580000.00,8.86
2020-05-24,11.49,11.01,11.49,10.82,371790000.00,8.94
2020-05-31,12.49,11.39,13.01,11.30,468160000.00,8.65
2020-06-07,11.64,12.74,12.76,11.36,395290000.00,-6.79
2020-06-14,12.13,11.19,12.55,11.04,402980000.00,4.22
2020-06-21,11.78,12.20,12.47,11.70,289360000.00,-2.93
2020-06-28,12.42,11.92,12.57,11.83,282050000.00,5.47
2020-07-05,12.72,12.65,12.92,12.46,266180000.00,2.41
2020-07-12,12.85,12.78,13.24,12.35,320030000.00,1.02
2020-07-19,12.84,12.83,13.33,12.67,298850000.00,-0.04
2020-07-26,12.54,12.92,13.18,12.52,279900000.00,-2.33
2020-08-02,12.88,12.74,13.30,12.01,373850000.00,2.66
2020-08-09,12.81,12.94,13.49,12.73,266850000.00,-0.53
2020-08-16,12.75,12.81,13.18,12.52,245290000.00,-0.49
2020-08-23,12.74,12.92,13.08,12.45,223770000.00,-0.09
2020-08-30,12.95,12.61,13.06,12.37,306070000.00,1.69
2020-09-06,12.36,12.71,12.87,12.29,243500000.00,-4.54
2020-09-13,12.23,12.40,12.53,12.11,277580000.00,-1.05
2020-09-20,11.37,12.03,12.13,11.23,291760000.00,-7.02
2020-09-27,10.75,11.49,11.62,10.75,329280000.00,-5.51
2020-10-04,11.19,10.94,11.70,10.87,346890000.00,4.10
2020-10-11,10.92,11.25,11.51,10.92,204130000.00,-2.37
2020-10-18,11.62,10.97,11.94,10.88,395110000.00,6.41
2020-10-25,10.70,11.49,11.60,10.02,332560000.00,-7.92
2020-11-01,11.16,11.02,11.34,10.89,210220000.00,4.28
2020-11-08,12.79,11.93,13.20,11.89,564910000.00,14.58
2020-11-15,13.36,13.11,13.64,12.98,367730000.00,4.51
2020-11-22,14.41,13.59,15.07,13.58,444710000.00,7.82
2020-11-29,15.56,14.27,15.58,14.04,361240000.00,7.96
2020-12-06,15.58,15.41,15.93,14.92,317260000.00,0.15
2020-12-13,15.88,15.84,16.04,15.52,243620000.00,1.92
2020-12-20,15.79,15.36,15.96,14.98,195540000.00,-0.53
2020-12-27,16.01,16.02,16.11,15.82,103170000.00,1.40
2021-01-03,17.58,16.19,17.95,15.96,389760000.00,9.81
2021-01-10,15.89,17.30,17.83,15.84,339660000.00,-9.64
2021-01-17,15.31,16.00,16.45,15.01,283280000.00,-3.66
2021-01-24,15.08,15.40,16.08,14.99,268230000.00,-1.48
2021-01-31,16.40,15.40,17.00,15.16,350420000.00,8.73
2021-02-07,16.07,16.11,16.56,15.32,324390000.00,-2.00
2021-02-14,15.44,16.11,17.47,15.35,376350000.00,-3.90
2021-02-21,12.57,12.88,14.27,12.09,1270000.00,-18.62
2021-02-28,12.65,12.88,13.12,11.57,677940000.00,0.67
2021-03-07,13.09,12.40,13.27,11.79,574140000.00,3.48
2021-03-14,13.56,13.06,13.63,13.04,354560000.00,3.58
2021-03-21,13.26,13.39,13.49,12.52,301840000.00,-2.25
2021-03-28,13.50,13.19,13.78,13.15,205400000.00,1.83
2021-04-04,13.36,13.63,13.77,13.20,250320000.00,-1.00
2021-04-11,13.40,13.54,13.91,13.32,315870000.00,0.28
2021-04-18,13.83,13.40,14.53,13.30,394940000.00,3.22
2021-04-25,13.79,13.93,14.18,13.49,284260000.00,-0.30
2021-05-02,14.24,13.90,14.28,13.36,294390000.00,3.22
2021-05-09,15.35,14.48,15.40,14.20,508830000.00,7.79
2021-05-16,15.15,15.36,15.65,15.02,381630000.00,-1.26
2021-05-23,15.76,15.35,15.78,14.98,349690000.00,4.01
2021-05-30,16.64,15.74,16.71,15.64,342540000.00,5.59
2021-06-06,16.68,16.64,16.98,16.33,312970000.00,0.25
2021-06-13,16.54,16.88,17.14,16.14,391660000.00,-0.88
2021-06-20,16.99,16.58,17.39,16.58,284590000.00,2.75
2021-06-27,17.04,17.04,17.45,16.74,256260000.00,0.27
2021-07-04,16.05,16.94,17.03,15.92,306360000.00,-5.79
2021-07-11,15.58,16.10,16.47,15.52,280080000.00,-2.95
2021-07-18,15.61,15.16,15.91,15.10,264250000.00,0.22
2021-07-25,15.71,15.61,16.30,15.60,261830000.00,0.64
2021-08-01,16.58,15.88,16.92,15.06,502940000.00,5.50
2021-08-08,17.14,16.32,17.29,16.16,436320000.00,3.38
2021-08-15,16.46,17.05,17.09,16.17,443730000.00,-3.97
2021-08-22,17.63,16.67,17.63,16.56,281770000.00,7.11
2021-08-29,16.29,17.57,17.76,16.15,352700000.00,-7.58
2021-09-05,15.68,16.22,16.53,14.94,338450000.00,-3.76
2021-09-12,15.42,15.96,16.37,15.32,388660000.00,-1.62
2021-09-19,16.64,14.90,16.74,14.72,342570000.00,7.90
2021-09-26,17.32,16.79,17.32,16.40,391070000.00,4.09
2021-10-03,18.02,17.17,18.32,17.15,434210000.00,4.00
2021-10-10,18.31,18.25,18.70,17.99,279240000.00,1.65
2021-10-17,16.82,18.19,18.34,15.94,474120000.00,-8.18
2021-10-24,16.86,17.17,18.13,16.69,494230000.00,0.26
2021-10-31,15.99,17.14,17.52,15.95,361570000.00,-5.14
2021-11-07,16.70,15.97,16.80,15.91,347710000.00,4.41
2021-11-14,16.15,16.87,17.05,15.95,291940000.00,-3.30
2021-11-21,17.61,16.27,18.43,16.27,444760000.00,9.08
2021-11-28,19.28,18.16,19.40,17.56,645680000.00,9.43
2021-12-05,19.87,19.29,20.17,19.22,342460000.00,3.09
2021-12-12,19.43,19.89,20.14,19.16,307140000.00,-2.23
2021-12-19,18.99,19.06,19.25,18.55,209190000.00,-2.28
2021-12-26,19.07,18.98,19.62,18.87,153650000.00,0.42
2022-01-02,18.89,19.13,19.70,18.65,291570000.00,-0.95
2022-01-09,21.08,18.76,21.18,18.58,365630000.00,11.60
2022-01-16,21.29,21.05,21.59,20.76,337090000.00,1.02
2022-01-23,21.81,21.24,23.22,20.80,484190000.00,2.42
2022-01-30,21.87,21.78,22.45,21.19,266470000.00,0.28
2022-02-06,22.63,21.82,22.73,20.95,299970000.00,3.46
2022-02-13,22.12,22.69,22.75,21.37,289100000.00,-2.25
2022-02-20,22.79,22.15,23.65,21.90,443860000.00,3.03
2022-02-27,22.94,23.63,23.65,22.67,182730000.00,0.68
2022-03-06,21.78,23.12,23.19,21.12,538960000.00,-5.08
2022-03-13,20.52,21.74,22.04,19.77,460040000.00,-5.79
2022-03-20,21.65,20.72,21.85,20.54,276650000.00,5.52
2022-03-27,22.12,21.49,22.65,20.76,396950000.00,2.20
2022-04-03,22.93,22.05,23.06,21.47,336800000.00,3.64
2022-04-10,22.85,22.72,23.43,22.64,335050000.00,-0.35
2022-04-17,22.33,22.77,23.38,22.16,273190000.00,-2.27
2022-04-24,22.13,21.90,23.08,21.59,275430000.00,-0.92
2022-05-01,24.16,22.05,24.20,21.43,461490000.00,9.18
2022-05-08,25.04,23.89,25.17,23.43,441140000.00,3.66
2022-05-15,25.45,25.03,25.68,24.35,404770000.00,1.63
2022-05-22,24.92,25.71,26.53,24.89,512710000.00,-2.10
2022-05-29,24.66,25.11,25.14,23.71,337470000.00,-1.05
2022-06-05,24.14,24.84,25.49,23.66,300950000.00,-2.08
2022-06-12,22.24,23.63,24.63,21.28,388380000.00,-7.89
2022-06-19,21.41,21.19,23.00,21.10,356670000.00,-3.73
2022-06-26,23.23,21.84,23.49,21.71,306990000.00,8.52
2022-07-03,23.45,23.24,23.84,21.91,267370000.00,0.95
2022-07-10,22.77,23.06,23.44,22.18,205670000.00,-2.92
2022-07-17,23.88,23.12,24.00,22.96,252460000.00,4.90
2022-07-24,27.81,24.11,28.22,24.11,507070000.00,16.43
2022-07-31,28.39,27.69,28.55,27.05,346830000.00,2.11
2022-08-07,31.71,28.61,31.83,28.61,562160000.00,11.68
2022-08-14,31.73,30.88,33.66,30.55,441350000.00,0.06
2022-08-21,33.64,31.74,34.36,30.48,388170000.00,6.02
2022-08-28,33.42,33.55,35.08,31.82,435510000.00,-0.65
2022-09-04,31.79,33.85,34.11,31.40,299280000.00,-4.88
2022-09-11,30.78,32.15,32.73,30.34,359270000.00,-3.18
2022-09-18,29.94,30.50,32.08,29.77,397470000.00,-2.73
2022-09-25,29.80,29.72,30.49,28.58,462930000.00,-0.47
2022-10-02,33.63,31.91,34.32,31.07,539750000.00,12.85
2022-10-09,33.42,33.65,34.49,32.41,262610000.00,-0.62
2022-10-16,37.72,33.24,38.39,32.84,547520000.00,12.87
2022-10-23,32.57,36.50,36.82,31.86,612440000.00,-13.65
2022-10-30,28.30,30.61,31.60,28.18,708120000.00,-13.11
2022-11-06,26.99,27.84,28.30,25.62,146360000.00,-4.63
